NbCI,NB_Classe,Method,Parametre_method_1,Parametre_method_2,accept_mcmc,reject_mcmc,fct_obj,nbr_evaluation,nbr_evaluation_aborted,temps,temps_CPU,delta_0,gamma_0,eps_0,r_0,x0_infect_0,beta0_0,beta1_0,beta2_0,beta3_0,beta4_0,beta5_0,beta6_0,delta_1,gamma_1,eps_1,r_1,x0_infect_1,beta0_1,beta1_1,beta2_1,beta3_1,beta4_1,beta5_1,beta6_1,delta_2,gamma_2,eps_2,r_2,x0_infect_2,beta0_2,beta1_2,beta2_2,beta3_2,beta4_2,beta5_2,beta6_2,delta_3,gamma_3,eps_3,r_3,x0_infect_3,beta0_3,beta1_3,beta2_3,beta3_3,beta4_3,beta5_3,beta6_3
0,4,NOMAD,NOT_OPPORTUNISTIC_STRATEGY,/ORTHO_NP1_QUAD,0,0,6889198.934228999540210,200,21,1.467188364000000,10.784836072000001,0.955136577646370,0.027845403420940,0.428014000063780,0.040319900029300,0.000154152391010,0.007685490147850,0.022104765855000,0.027901292364970,0.023663046980730,0.033864199254740,0.004570445630140,0.022742726932540,0.628166582507180,0.246974257389050,0.451425356741280,0.048721604607410,0.000080794848590,0.027847706169220,0.134390577292110,0.041859067381390,0.009561236942910,0.039532397887830,0.043672352879300,0.051021307756750,0.865927121551410,0.053671221302780,0.870370723435320,0.040144018559310,0.000242309801010,0.057269645475910,0.318710563848110,0.045185036145350,0.048701822399990,1.000000000000000,0.041180245666080,0.020145205207410,0.915065650967880,0.072884124070840,0.496968712835870,0.205812927850830,0.000187781733580,0.012285471638580,0.016376606909550,0.035203741766450,0.035703404822520,0.061511357654680,0.033026140233120,0.001660206638420
0,4,NOMAD,NOT_OPPORTUNISTIC_STRATEGY,/ORTHO_NP1_QUAD,0,0,6329365.477278999984264,600,93,8.979072809000000,69.256435709000002,0.955136577646370,0.027845403420940,0.428014000063780,0.040319900029300,0.000154152391010,0.007685490147850,0.022104765855000,0.027901292364970,0.023663046980730,0.033864199254740,0.004570445630140,0.022742726932540,0.628166582507180,0.246974257389050,0.551425356741280,0.048721604607410,0.000080794848590,0.027847706169220,0.334390577292110,0.041859067381390,0.009561236942910,1.000000000000000,0.143672352879300,0.151021307756750,0.865927121551410,0.053671221302780,0.870370723435320,0.040144018559310,0.000242309801010,0.057269645475910,0.318710563848110,0.045185036145350,0.048701822399990,1.000000000000000,0.141180245666080,0.320145205207410,0.915065650967880,0.072884124070840,0.496968712835870,0.205812927850830,0.000187781733580,0.012285471638580,0.016376606909550,0.035203741766450,0.035703404822520,0.061511357654680,0.033026140233120,0.001660206638420
0,4,NOMAD,NOT_OPPORTUNISTIC_STRATEGY,/ORTHO_NP1_QUAD,0,0,6329365.477278999984264,600,93,8.979258476000000,69.262397479000001,0.955136577646370,0.027845403420940,0.428014000063780,0.040319900029300,0.000154152391010,0.007685490147850,0.022104765855000,0.027901292364970,0.023663046980730,0.033864199254740,0.004570445630140,0.022742726932540,0.628166582507180,0.246974257389050,0.551425356741280,0.048721604607410,0.000080794848590,0.027847706169220,0.334390577292110,0.041859067381390,0.009561236942910,1.000000000000000,0.143672352879300,0.151021307756750,0.865927121551410,0.053671221302780,0.870370723435320,0.040144018559310,0.000242309801010,0.057269645475910,0.318710563848110,0.045185036145350,0.048701822399990,1.000000000000000,0.141180245666080,0.320145205207410,0.915065650967880,0.072884124070840,0.496968712835870,0.205812927850830,0.000187781733580,0.012285471638580,0.016376606909550,0.035203741766450,0.035703404822520,0.061511357654680,0.033026140233120,0.001660206638420
0,4,NOMAD,NOT_OPPORTUNISTIC_STRATEGY,/ORTHO_NP1_QUAD,0,0,5479990.902401000261307,800,135,15.150215508000000,117.841946618999998,0.955136577646370,0.027845403420940,0.428014000063780,0.040319900029300,0.000154152391010,0.007685490147850,0.022104765855000,0.027901292364970,0.023663046980730,0.033864199254740,0.004570445630140,0.022742726932540,0.628166582507180,0.246974257389050,0.451425356741280,0.048721604607410,0.000287231112180,0.027847706169220,0.134390577292110,0.041859067381390,0.009561236942910,1.000000000000000,0.143672352879300,0.451021307756750,0.865927121551410,0.053671221302780,0.870370723435320,0.040144018559310,0.000242309801010,0.057269645475910,0.218710563848110,0.045185036145350,0.048701822399990,0.900000000000000,0.141180245666080,0.320145205207410,0.915065650967880,0.072884124070840,0.496968712835870,0.205812927850830,0.000000000000100,0.012285471638580,0.016376606909550,0.000000000000100,0.035703404822520,0.061511357654680,0.033026140233120,0.001660206638420
0,4,NOMAD,NOT_OPPORTUNISTIC_STRATEGY,/ORTHO_NP1_QUAD,0,0,3748236.071851999964565,1000,174,24.453222444000001,191.020375284000011,0.955136577646370,0.027845403420940,0.428014000063780,0.040319900029300,0.000154152391010,0.007685490147850,0.022104765855000,0.027901292364970,0.023663046980730,0.033864199254740,0.004570445630140,0.022742726932540,0.628166582507180,0.246974257389050,0.451425356741280,0.048721604607410,0.000287231112180,0.027847706169220,0.000000000000100,0.141859067381390,0.009561236942910,0.800000000000000,0.143672352879300,0.451021307756750,0.865927121551410,0.053671221302780,0.870370723435320,0.040144018559310,0.000242309801010,0.057269645475910,0.118710563848110,0.145185036145350,0.148701822399990,0.900000000000000,0.141180245666080,0.320145205207410,0.915065650967880,0.072884124070840,0.496968712835870,0.205812927850830,0.000000000000100,0.012285471638580,0.016376606909550,0.000000000000100,0.035703404822520,0.000000000000100,0.033026140233120,0.001660206638420
0,4,NOMAD,NOT_OPPORTUNISTIC_STRATEGY,/ORTHO_NP1_QUAD,0,0,3591888.511686999816447,1201,261,35.946674274000003,281.920121827000003,0.955136577646370,0.027845403420940,0.428014000063780,0.040319900029300,0.000000000000100,0.007685490147850,0.022104765855000,0.027901292364970,0.023663046980730,0.033864199254740,0.004570445630140,0.022742726932540,0.628166582507180,0.246974257389050,0.451425356741280,0.048721604607410,0.000287231112180,0.027847706169220,0.000000000000100,0.141859067381390,0.009561236942910,1.000000000000000,0.143672352879300,0.851021307756750,0.865927121551410,0.053671221302780,0.870370723435320,0.040144018559310,0.000242309801010,0.057269645475910,0.118710563848110,0.145185036145350,0.148701822399990,0.900000000000000,0.141180245666080,0.320145205207410,0.915065650967880,0.072884124070840,0.496968712835870,0.205812927850830,0.000000000000100,0.412285471638580,0.016376606909550,0.000000000000100,0.035703404822520,0.000000000000100,0.033026140233120,0.001660206638420
0,4,NOMAD,NOT_OPPORTUNISTIC_STRATEGY,/ORTHO_NP1_QUAD,0,0,0.000000000000000,1400,314,45.925486988000003,360.781936339000026,0.955136577646370,0.027845403420940,0.428014000063780,0.040319900029300,0.000154152391010,0.007685490147850,0.022104765855000,0.027901292364970,0.023663046980730,0.033864199254740,0.004570445630140,0.022742726932540,0.628166582507180,0.246974257389050,0.551425356741280,0.048721604607410,0.000080794848590,0.027847706169220,0.334390577292110,0.041859067381390,0.009561236942910,1.000000000000000,0.143672352879300,0.151021307756750,0.865927121551410,0.053671221302780,0.870370723435320,0.040144018559310,0.000242309801010,0.057269645475910,0.318710563848110,0.045185036145350,0.048701822399990,1.000000000000000,0.141180245666080,0.320145205207410,0.915065650967880,0.072884124070840,0.496968712835870,0.205812927850830,0.000187781733580,0.012285471638580,0.016376606909550,0.035203741766450,0.035703404822520,0.061511357654680,0.033026140233120,0.001660206638420
0,4,NOMAD,NOT_OPPORTUNISTIC_STRATEGY,/ORTHO_NP1_QUAD,0,0,2755377.905362999998033,1401,314,45.925990490000004,360.783845138999993,0.953136577646370,0.026845403420940,0.423014000063780,0.040319900029300,0.000000000000100,0.008685490147850,0.022104765855000,0.027901292364970,0.024663046980730,0.033864199254740,0.007570445630140,0.026742726932540,0.630166582507180,0.246974257389050,0.452425356741280,0.050721604607410,0.000287231112180,0.024847706169220,0.000000000000100,0.141859067381390,0.003561236942910,1.000000000000000,0.143672352879300,0.851021307756750,0.867927121551410,0.051671221302780,0.871370723435320,0.038144018559310,0.000000000000100,0.057269645475910,0.118710563848110,0.145185036145350,0.148701822399990,0.900000000000000,0.141180245666080,0.320145205207410,0.918065650967880,0.074884124070840,0.497968712835870,0.055812927850830,0.000287231112180,0.412285471638580,0.013376606909550,0.000000000000100,0.031703404822520,0.000000000000100,0.036026140233120,0.000000000000100
0,4,NOMAD,NOT_OPPORTUNISTIC_STRATEGY,/ORTHO_NP1_QUAD,0,0,0.000000000000000,1612,372,53.316532558000006,418.940912962000027,0.000000000000000,0.000000000000000,0.000000000000000,0.000000000000000,0.000000000000000,0.000000000000000,0.000000000000000,0.000000000000000,0.000000000000000,0.000000000000000,0.000000000000000,0.000000000000000,0.000000000000000,0.000000000000000,0.000000000000000,0.000000000000000,0.000000000000000,0.000000000000000,0.000000000000000,0.000000000000000,0.000000000000000,0.000000000000000,0.000000000000000,0.000000000000000,0.000000000000000,0.000000000000000,0.000000000000000,0.000000000000000,0.000000000000000,0.000000000000000,0.000000000000000,0.000000000000000,0.000000000000000,0.000000000000000,0.000000000000000,0.000000000000000,0.000000000000000,0.000000000000000,0.000000000000000,0.000000000000000,0.000000000000000,0.000000000000000,0.000000000000000,0.000000000000000,0.000000000000000,0.000000000000000,0.000000000000000,0.000000000000000
0,4,NOMAD,NOT_OPPORTUNISTIC_STRATEGY,/ORTHO_NP1_QUAD,0,0,2095899.331652000080794,2201,510,87.592071148000002,689.093707171999995,0.953136577646370,0.026845403420940,0.424014000063780,0.000000000000100,0.000000000000100,0.008685490147850,0.122104765855000,0.000000000000100,0.024663046980730,0.033864199254740,0.007570445630140,0.000000000000100,0.631166582507180,0.246974257389050,0.852425356741280,0.050721604607410,0.000287231112180,0.224847706169220,0.000000000000100,0.241859067381390,0.403561236942910,1.000000000000000,0.243672352879300,0.251021307756750,0.867927121551410,0.051671221302780,0.871370723435320,0.038144018559310,0.000287231112180,0.057269645475910,0.218710563848110,0.145185036145350,0.047701822399990,0.900000000000000,0.141180245666080,0.320145205207410,0.918065650967880,0.074884124070840,0.497968712835870,0.055812927850830,0.000287231112180,0.712285471638580,0.013376606909550,0.000000000000100,0.032703404822520,0.000000000000100,0.000000000000100,0.000000000000100
0,4,NOMAD,NOT_OPPORTUNISTIC_STRATEGY,/ORTHO_NP1_QUAD,0,0,2073392.618300999980420,2420,553,93.403847641000013,735.080095353000047,0.953136577646370,0.026845403420940,0.424014000063780,0.000000000000100,0.000000000000100,0.008685490147850,0.122104765855000,0.000000000000100,0.024663046980730,0.033864199254740,0.007570445630140,0.000000000000100,0.631166582507180,0.246974257389050,0.852425356741280,0.050721604607410,0.000287231112180,0.224847706169220,0.000000000000100,0.241859067381390,0.403561236942910,1.000000000000000,0.243672352879300,0.251021307756750,0.867927121551410,0.051671221302780,0.871370723435320,0.038144018559310,0.000287231112180,0.057269645475910,0.218710563848110,0.145185036145350,0.047701822399990,1.000000000000000,0.141180245666080,0.320145205207410,0.918065650967880,0.074884124070840,0.497968712835870,0.055812927850830,0.000287231112180,0.712285471638580,0.013376606909550,0.000000000000100,0.032703404822520,0.000000000000100,0.000000000000100,0.000000000000100
0,4,NOMAD,NOT_OPPORTUNISTIC_STRATEGY,/ORTHO_NP1_QUAD,0,0,1980147.203238999936730,2619,581,102.956977680000008,810.468069085000025,0.953136577646370,0.026845403420940,0.428014000063780,0.006000000000000,0.000000000000100,0.008685490147850,0.127104765855000,0.003000000000000,0.028663046980730,0.034864199254740,0.009570445630140,0.003999999999700,0.639166582507180,0.247974257389050,0.851425356741280,0.050721604607410,0.000287231112180,0.231847706169220,0.000000000000100,0.241859067381390,0.403561236942910,0.984000000000000,0.243672352879300,0.250021307756750,0.867927121551410,0.052671221302780,0.871370723435320,0.038144018559310,0.000287231112180,0.057269645475910,0.225710563848110,0.145185036145350,0.040701822399990,1.000000000000000,0.141180245666080,0.322145205207410,0.919065650967880,0.078884124070840,0.498968712835870,0.009812927850830,0.000287231112180,0.713285471638580,0.013376606909550,0.003999999999700,0.031703404822520,0.000000000000100,0.003999999999700,0.002000000000000
0,4,NOMAD,NOT_OPPORTUNISTIC_STRATEGY,/ORTHO_NP1_QUAD,0,0,0.000000000000000,2818,609,109.988781167000013,865.741353207999964,0.953136577646370,0.026845403420940,0.428014000063780,0.006000000000000,0.000000000000100,0.008685490147850,0.127104765855000,0.003000000000000,0.028663046980730,0.034864199254740,0.009570445630140,0.003999999999700,0.639166582507180,0.247974257389050,0.851425356741280,0.050721604607410,0.000287231112180,0.231847706169220,0.000000000000100,0.241859067381390,0.403561236942910,0.984000000000000,0.243672352879300,0.250021307756750,0.867927121551410,0.052671221302780,0.871370723435320,0.038144018559310,0.000287231112180,0.057269645475910,0.225710563848110,0.145185036145350,0.040701822399990,1.000000000000000,0.141180245666080,0.322145205207410,0.919065650967880,0.078884124070840,0.498968712835870,0.009812927850830,0.000287231112180,0.713285471638580,0.013376606909550,0.003999999999700,0.031703404822520,0.000000000000100,0.003999999999700,0.002000000000000
0,4,NOMAD,NOT_OPPORTUNISTIC_STRATEGY,/ORTHO_NP1_QUAD,0,0,1425124.872292000101879,2828,609,109.991805105000012,865.765209735999974,0.954136577646370,0.024845403420940,0.430014000063780,0.003000000000000,0.000000000000100,0.004685490147850,0.131104765855000,0.000000000000100,0.030663046980730,0.031864199254740,0.009570445630140,0.003999999999700,0.639166582507180,0.247974257389050,0.852425356741280,0.049721604607410,0.000287231112180,0.231847706169220,0.000000000000100,0.239859067381390,0.500561236942910,1.000000000000000,0.247672352879300,0.247021307756750,0.865927121551410,0.053671221302780,0.869370723435320,0.042144018559310,0.000287231112180,0.056269645475910,0.225710563848110,0.147185036145350,0.040701822399990,1.000000000000000,0.139180245666080,0.318145205207410,0.921065650967880,0.075884124070840,0.096968712835870,0.009812927850830,0.000287231112180,0.711285471638580,0.016376606909550,0.005999999999700,0.035703404822520,0.000000000000100,0.009999999999700,0.006000000000000
0,4,NOMAD,NOT_OPPORTUNISTIC_STRATEGY,/ORTHO_NP1_QUAD,0,0,899738.654808999970555,3601,740,153.628800194999997,1209.353065865999952,0.954136577646370,0.026845403420940,0.432014000063780,0.007000000000000,0.000000000000100,0.009685490147850,0.138104765855000,0.006000000000000,0.000000000000100,0.000000000000100,0.007570445630140,0.013000000000000,0.649166582507180,0.255974257389050,0.942425356741280,0.000000000000100,0.000287231112180,0.235847706169220,0.000000000000100,0.348859067381390,0.574561236942910,0.992000000000000,0.249672352879300,0.247021307756750,0.864927121551410,0.053671221302780,0.876370723435320,0.036144018559310,0.000287231112180,0.056269645475910,0.228710563848110,0.152185036145350,0.041701822399990,0.997000000000000,0.140180245666080,0.326145205207410,0.922065650967880,0.077884124070840,0.250968712835870,0.014812927850830,0.000287231112180,0.714285471638580,0.716376606909550,0.007000000000000,0.000000000000100,0.001000000000000,0.016000000000000,0.009000000000000
0,4,NOMAD,NOT_OPPORTUNISTIC_STRATEGY,/ORTHO_NP1_QUAD,0,0,896549.792766000027768,3819,811,164.070690419000016,1292.035902946000078,0.955136577646370,0.026845403420940,0.432014000063780,0.007000000000000,0.000000000000100,0.009685490147850,0.137104765855000,0.006000000000000,0.000000000000100,0.000000000000100,0.007570445630140,0.013000000000000,0.648166582507180,0.255974257389050,0.942425356741280,0.000000000000100,0.000287231112180,0.235847706169220,0.000000000000100,0.348859067381390,0.574561236942910,1.000000000000000,0.249672352879300,0.247021307756750,0.864927121551410,0.052671221302780,0.875370723435320,0.036144018559310,0.000287231112180,0.056269645475910,0.228710563848110,0.152185036145350,0.041701822399990,0.996000000000000,0.140180245666080,0.326145205207410,0.922065650967880,0.077884124070840,0.250968712835870,0.014812927850830,0.000287231112180,0.714285471638580,0.716376606909550,0.007000000000000,0.000000000000100,0.001000000000000,0.015000000000000,0.008000000000000
0,4,NOMAD,NOT_OPPORTUNISTIC_STRATEGY,/ORTHO_NP1_QUAD,0,0,876409.148566000047140,4019,855,174.443320317000001,1374.047892716999968,0.958136577646370,0.026845403420940,0.432014000063780,0.007000000000000,0.000000000000100,1.000000000000000,0.000000000000100,0.006000000000000,0.000000000000100,0.000000000000100,0.007570445630140,0.013000000000000,0.645166582507180,0.255974257389050,0.942425356741280,0.000000000000100,0.000287231112180,0.235847706169220,0.000000000000100,0.348859067381390,0.574561236942910,1.000000000000000,0.249672352879300,0.247021307756750,0.864927121551410,0.049671221302780,0.872370723435320,0.036144018559310,0.000287231112180,0.056269645475910,0.228710563848110,0.152185036145350,0.041701822399990,0.993000000000000,0.140180245666080,0.326145205207410,0.922065650967880,0.077884124070840,0.250968712835870,0.014812927850830,0.000287231112180,0.714285471638580,0.716376606909550,0.007000000000000,0.000000000000100,0.001000000000000,0.012000000000000,0.005000000000000
0,4,NOMAD,NOT_OPPORTUNISTIC_STRATEGY,/ORTHO_NP1_QUAD,0,0,735434.678285000030883,4220,891,191.612684002999998,1509.590249780000022,0.958136577646370,0.026845403420940,0.431014000063780,0.008000000000000,0.000000000000100,0.500000000000000,0.000000000000100,0.005000000000000,0.001000000000000,0.000000000000100,0.007570445630140,0.014000000000000,0.644166582507180,0.256974257389050,0.942425356741280,0.000000000000100,0.000287231112180,0.237847706169220,0.002000000000100,0.298859067381390,0.573561236942910,0.900000000000000,0.249672352879300,0.247021307756750,0.866927121551410,0.049671221302780,0.872370723435320,0.035144018559310,0.000287231112180,0.057269645475910,0.228710563848110,0.151185036145350,0.042701822399990,0.995000000000000,0.140180245666080,0.326145205207410,0.922065650967880,0.077884124070840,0.149968712835870,0.015812927850830,0.000287231112180,0.714285471638580,0.716376606909550,0.008000000000000,0.000000000000100,0.000000000000100,0.011000000000000,0.005000000000000
0,4,NOMAD,NOT_OPPORTUNISTIC_STRATEGY,/ORTHO_NP1_QUAD,0,0,734090.916993999970146,4419,945,0.000000202358724,1594.634308303999887,0.958136577646370,0.026845403420940,0.431014000063780,0.009000000000000,0.000000000000100,1.000000000000000,0.000000000000100,0.005000000000000,0.000000000000100,0.000000000000100,0.007570445630140,0.014000000000000,0.644166582507180,0.256974257389050,0.942425356741280,0.000000000000100,0.000287231112180,0.237847706169220,0.002000000000100,0.298859067381390,0.673561236942910,0.900000000000000,0.249672352879300,0.247021307756750,0.866927121551410,0.049671221302780,0.872370723435320,0.035144018559310,0.000287231112180,0.057269645475910,0.228710563848110,0.151185036145350,0.042701822399990,0.995000000000000,0.140180245666080,0.326145205207410,0.922065650967880,0.077884124070840,0.149968712835870,0.015812927850830,0.000287231112180,0.714285471638580,0.716376606909550,0.008000000000000,0.000000000000100,0.000000000000100,0.011000000000000,0.005000000000000
0,4,NOMAD,NOT_OPPORTUNISTIC_STRATEGY,/ORTHO_NP1_QUAD,0,0,734090.916993999970146,4419,945,0.000000202358724,1594.634308303999887,0.958136577646370,0.026845403420940,0.431014000063780,0.009000000000000,0.000000000000100,1.000000000000000,0.000000000000100,0.005000000000000,0.000000000000100,0.000000000000100,0.007570445630140,0.014000000000000,0.644166582507180,0.256974257389050,0.942425356741280,0.000000000000100,0.000287231112180,0.237847706169220,0.002000000000100,0.298859067381390,0.673561236942910,0.900000000000000,0.249672352879300,0.247021307756750,0.866927121551410,0.049671221302780,0.872370723435320,0.035144018559310,0.000287231112180,0.057269645475910,0.228710563848110,0.151185036145350,0.042701822399990,0.995000000000000,0.140180245666080,0.326145205207410,0.922065650967880,0.077884124070840,0.149968712835870,0.015812927850830,0.000287231112180,0.714285471638580,0.716376606909550,0.008000000000000,0.000000000000100,0.000000000000100,0.011000000000000,0.005000000000000
0,4,NOMAD,NOT_OPPORTUNISTIC_STRATEGY,/ORTHO_NP1_QUAD,0,0,0.000000000000000,4805,1008,225.927693796000028,1780.955682560000014,0.953136577646370,0.026845403420940,0.428014000063780,0.006000000000000,0.000000000000100,0.008685490147850,0.127104765855000,0.003000000000000,0.028663046980730,0.034864199254740,0.009570445630140,0.003999999999700,0.639166582507180,0.247974257389050,0.851425356741280,0.050721604607410,0.000287231112180,0.231847706169220,0.000000000000100,0.241859067381390,0.403561236942910,0.984000000000000,0.243672352879300,0.250021307756750,0.867927121551410,0.052671221302780,0.871370723435320,0.038144018559310,0.000287231112180,0.057269645475910,0.225710563848110,0.145185036145350,0.040701822399990,1.000000000000000,0.141180245666080,0.322145205207410,0.919065650967880,0.078884124070840,0.498968712835870,0.009812927850830,0.000287231112180,0.713285471638580,0.013376606909550,0.003999999999700,0.031703404822520,0.000000000000100,0.003999999999700,0.002000000000000
0,4,NOMAD,NOT_OPPORTUNISTIC_STRATEGY,/ORTHO_NP1_QUAD,0,0,0.000000000000000,5008,1074,240.326528172000025,1894.962203456999987,0.958136577646370,0.026845403420940,0.431014000063780,0.009000000000000,0.000000000000100,1.000000000000000,0.000000000000100,0.005000000000000,0.000000000000100,0.000000000000100,0.007570445630140,0.014000000000000,0.644166582507180,0.256974257389050,0.942425356741280,0.000000000000100,0.000287231112180,0.237847706169220,0.002000000000100,0.298859067381390,0.673561236942910,0.900000000000000,0.249672352879300,0.247021307756750,0.866927121551410,0.049671221302780,0.872370723435320,0.035144018559310,0.000287231112180,0.057269645475910,0.228710563848110,0.151185036145350,0.042701822399990,0.995000000000000,0.140180245666080,0.326145205207410,0.922065650967880,0.077884124070840,0.149968712835870,0.015812927850830,0.000287231112180,0.714285471638580,0.716376606909550,0.008000000000000,0.000000000000100,0.000000000000100,0.011000000000000,0.005000000000000
0,4,NOMAD,NOT_OPPORTUNISTIC_STRATEGY,/ORTHO_NP1_QUAD,0,0,649290.031825999962166,5200,1119,254.083555562000015,2003.818324077999932,0.968136577646370,0.026845403420940,0.000000000000100,0.109000000000000,0.000000000000100,0.900000000000000,0.000000000000100,0.052000000000000,0.000000000000100,0.001000000000000,0.006570445630140,0.016000000000000,0.644166582507180,0.257974257389050,0.941425356741280,0.000000000000100,0.000287231112180,0.237847706169220,0.001000000000100,0.297859067381390,0.692561236942910,0.901000000000000,0.251672352879300,0.248021307756750,0.868927121551410,0.048671221302780,0.922370723435320,0.035144018559310,0.000287231112180,0.057269645475910,0.228710563848110,0.151185036145350,0.041701822399990,0.995000000000000,0.141180245666080,0.325145205207410,0.922065650967880,0.077884124070840,0.048968712835870,0.015812927850830,0.000287231112180,0.714285471638580,0.716376606909550,0.000000000000100,0.000000000000100,0.000000000000100,0.013000000000000,0.006000000000000
0,4,NOMAD,NOT_OPPORTUNISTIC_STRATEGY,/ORTHO_NP1_QUAD,0,0,0.000000000000000,5606,1189,271.502193555000019,2141.325756968999940,0.958136577646370,0.026845403420940,0.431014000063780,0.009000000000000,0.000000000000100,1.000000000000000,0.000000000000100,0.005000000000000,0.000000000000100,0.000000000000100,0.007570445630140,0.014000000000000,0.644166582507180,0.256974257389050,0.942425356741280,0.000000000000100,0.000287231112180,0.237847706169220,0.002000000000100,0.298859067381390,0.673561236942910,0.900000000000000,0.249672352879300,0.247021307756750,0.866927121551410,0.049671221302780,0.872370723435320,0.035144018559310,0.000287231112180,0.057269645475910,0.228710563848110,0.151185036145350,0.042701822399990,0.995000000000000,0.140180245666080,0.326145205207410,0.922065650967880,0.077884124070840,0.149968712835870,0.015812927850830,0.000287231112180,0.714285471638580,0.716376606909550,0.008000000000000,0.000000000000100,0.000000000000100,0.011000000000000,0.005000000000000
0,4,NOMAD,NOT_OPPORTUNISTIC_STRATEGY,/ORTHO_NP1_QUAD,0,0,0.000000000000000,5802,1253,285.838195066000026,2254.960298838000199,0.968136577646370,0.026845403420940,0.000000000000100,0.109000000000000,0.000000000000100,0.900000000000000,0.000000000000100,0.052000000000000,0.000000000000100,0.001000000000000,0.006570445630140,0.016000000000000,0.644166582507180,0.257974257389050,0.941425356741280,0.000000000000100,0.000287231112180,0.237847706169220,0.001000000000100,0.297859067381390,0.692561236942910,0.901000000000000,0.251672352879300,0.248021307756750,0.868927121551410,0.048671221302780,0.922370723435320,0.035144018559310,0.000287231112180,0.057269645475910,0.228710563848110,0.151185036145350,0.041701822399990,0.995000000000000,0.141180245666080,0.325145205207410,0.922065650967880,0.077884124070840,0.048968712835870,0.015812927850830,0.000287231112180,0.714285471638580,0.716376606909550,0.000000000000100,0.000000000000100,0.000000000000100,0.013000000000000,0.006000000000000
0,4,NOMAD,NOT_OPPORTUNISTIC_STRATEGY,/ORTHO_NP1_QUAD,0,0,641586.511958000017330,6000,1306,297.472646034000036,2347.258340658000179,0.968136577646370,0.026845403420940,0.003999999999700,0.109000000000000,0.000000000000100,1.000000000000000,0.020000000000100,0.000000000000100,0.000000000000100,0.000000000000100,0.005570445630140,0.014000000000000,0.644166582507180,0.257974257389050,0.440425356741280,0.000000000000100,0.000287231112180,0.237847706169220,0.001000000000100,0.295859067381390,0.696561236942910,0.901000000000000,0.252672352879300,0.247021307756750,0.868927121551410,0.052671221302780,0.942370723435320,0.034144018559310,0.000287231112180,0.058269645475910,0.229710563848110,0.151185036145350,0.041701822399990,1.000000000000000,0.145180245666080,0.325145205207410,0.922065650967880,0.077884124070840,0.047968712835870,0.016812927850830,0.000287231112180,0.713285471638580,0.716376606909550,0.000000000000100,0.000000000000100,0.000000000000100,0.000000000000100,0.006000000000000
0,4,NOMAD,NOT_OPPORTUNISTIC_STRATEGY,/ORTHO_NP1_QUAD,0,0,641586.511958000017330,6000,1306,297.472646034000036,2347.258340658000179,0.968136577646370,0.026845403420940,0.003999999999700,0.109000000000000,0.000000000000100,1.000000000000000,0.020000000000100,0.000000000000100,0.000000000000100,0.000000000000100,0.005570445630140,0.014000000000000,0.644166582507180,0.257974257389050,0.440425356741280,0.000000000000100,0.000287231112180,0.237847706169220,0.001000000000100,0.295859067381390,0.696561236942910,0.901000000000000,0.252672352879300,0.247021307756750,0.868927121551410,0.052671221302780,0.942370723435320,0.034144018559310,0.000287231112180,0.058269645475910,0.229710563848110,0.151185036145350,0.041701822399990,1.000000000000000,0.145180245666080,0.325145205207410,0.922065650967880,0.077884124070840,0.047968712835870,0.016812927850830,0.000287231112180,0.713285471638580,0.716376606909550,0.000000000000100,0.000000000000100,0.000000000000100,0.000000000000100,0.006000000000000
0,4,NOMAD,NOT_OPPORTUNISTIC_STRATEGY,/ORTHO_NP1_QUAD,0,0,641586.511958000017330,6000,1306,297.472646034000036,2347.258340658000179,0.968136577646370,0.026845403420940,0.003999999999700,0.109000000000000,0.000000000000100,1.000000000000000,0.020000000000100,0.000000000000100,0.000000000000100,0.000000000000100,0.005570445630140,0.014000000000000,0.644166582507180,0.257974257389050,0.440425356741280,0.000000000000100,0.000287231112180,0.237847706169220,0.001000000000100,0.295859067381390,0.696561236942910,0.901000000000000,0.252672352879300,0.247021307756750,0.868927121551410,0.052671221302780,0.942370723435320,0.034144018559310,0.000287231112180,0.058269645475910,0.229710563848110,0.151185036145350,0.041701822399990,1.000000000000000,0.145180245666080,0.325145205207410,0.922065650967880,0.077884124070840,0.047968712835870,0.016812927850830,0.000287231112180,0.713285471638580,0.716376606909550,0.000000000000100,0.000000000000100,0.000000000000100,0.000000000000100,0.006000000000000
0,4,NOMAD,NOT_OPPORTUNISTIC_STRATEGY,/ORTHO_NP1_QUAD,0,0,641586.511958000017330,6000,1306,297.472646034000036,2347.258340658000179,0.968136577646370,0.026845403420940,0.003999999999700,0.109000000000000,0.000000000000100,1.000000000000000,0.020000000000100,0.000000000000100,0.000000000000100,0.000000000000100,0.005570445630140,0.014000000000000,0.644166582507180,0.257974257389050,0.440425356741280,0.000000000000100,0.000287231112180,0.237847706169220,0.001000000000100,0.295859067381390,0.696561236942910,0.901000000000000,0.252672352879300,0.247021307756750,0.868927121551410,0.052671221302780,0.942370723435320,0.034144018559310,0.000287231112180,0.058269645475910,0.229710563848110,0.151185036145350,0.041701822399990,1.000000000000000,0.145180245666080,0.325145205207410,0.922065650967880,0.077884124070840,0.047968712835870,0.016812927850830,0.000287231112180,0.713285471638580,0.716376606909550,0.000000000000100,0.000000000000100,0.000000000000100,0.000000000000100,0.006000000000000
0,4,NOMAD,NOT_OPPORTUNISTIC_STRATEGY,/ORTHO_NP1_QUAD,0,0,641586.511958000017330,6000,1306,297.472646034000036,2347.258340658000179,0.968136577646370,0.026845403420940,0.003999999999700,0.109000000000000,0.000000000000100,1.000000000000000,0.020000000000100,0.000000000000100,0.000000000000100,0.000000000000100,0.005570445630140,0.014000000000000,0.644166582507180,0.257974257389050,0.440425356741280,0.000000000000100,0.000287231112180,0.237847706169220,0.001000000000100,0.295859067381390,0.696561236942910,0.901000000000000,0.252672352879300,0.247021307756750,0.868927121551410,0.052671221302780,0.942370723435320,0.034144018559310,0.000287231112180,0.058269645475910,0.229710563848110,0.151185036145350,0.041701822399990,1.000000000000000,0.145180245666080,0.325145205207410,0.922065650967880,0.077884124070840,0.047968712835870,0.016812927850830,0.000287231112180,0.713285471638580,0.716376606909550,0.000000000000100,0.000000000000100,0.000000000000100,0.000000000000100,0.006000000000000
0,4,NOMAD,NOT_OPPORTUNISTIC_STRATEGY,/ORTHO_NP1_QUAD,0,0,641586.511958000017330,6000,1306,297.472646034000036,2347.258340658000179,0.968136577646370,0.026845403420940,0.003999999999700,0.109000000000000,0.000000000000100,1.000000000000000,0.020000000000100,0.000000000000100,0.000000000000100,0.000000000000100,0.005570445630140,0.014000000000000,0.644166582507180,0.257974257389050,0.440425356741280,0.000000000000100,0.000287231112180,0.237847706169220,0.001000000000100,0.295859067381390,0.696561236942910,0.901000000000000,0.252672352879300,0.247021307756750,0.868927121551410,0.052671221302780,0.942370723435320,0.034144018559310,0.000287231112180,0.058269645475910,0.229710563848110,0.151185036145350,0.041701822399990,1.000000000000000,0.145180245666080,0.325145205207410,0.922065650967880,0.077884124070840,0.047968712835870,0.016812927850830,0.000287231112180,0.713285471638580,0.716376606909550,0.000000000000100,0.000000000000100,0.000000000000100,0.000000000000100,0.006000000000000
0,4,NOMAD,NOT_OPPORTUNISTIC_STRATEGY,/ORTHO_NP1_QUAD,0,0,641586.511958000017330,6000,1306,297.472646034000036,2347.258340658000179,0.968136577646370,0.026845403420940,0.003999999999700,0.109000000000000,0.000000000000100,1.000000000000000,0.020000000000100,0.000000000000100,0.000000000000100,0.000000000000100,0.005570445630140,0.014000000000000,0.644166582507180,0.257974257389050,0.440425356741280,0.000000000000100,0.000287231112180,0.237847706169220,0.001000000000100,0.295859067381390,0.696561236942910,0.901000000000000,0.252672352879300,0.247021307756750,0.868927121551410,0.052671221302780,0.942370723435320,0.034144018559310,0.000287231112180,0.058269645475910,0.229710563848110,0.151185036145350,0.041701822399990,1.000000000000000,0.145180245666080,0.325145205207410,0.922065650967880,0.077884124070840,0.047968712835870,0.016812927850830,0.000287231112180,0.713285471638580,0.716376606909550,0.000000000000100,0.000000000000100,0.000000000000100,0.000000000000100,0.006000000000000
0,4,NOMAD,NOT_OPPORTUNISTIC_STRATEGY,/ORTHO_NP1_QUAD,0,0,641586.511958000017330,6000,1306,297.472646034000036,2347.258340658000179,0.968136577646370,0.026845403420940,0.003999999999700,0.109000000000000,0.000000000000100,1.000000000000000,0.020000000000100,0.000000000000100,0.000000000000100,0.000000000000100,0.005570445630140,0.014000000000000,0.644166582507180,0.257974257389050,0.440425356741280,0.000000000000100,0.000287231112180,0.237847706169220,0.001000000000100,0.295859067381390,0.696561236942910,0.901000000000000,0.252672352879300,0.247021307756750,0.868927121551410,0.052671221302780,0.942370723435320,0.034144018559310,0.000287231112180,0.058269645475910,0.229710563848110,0.151185036145350,0.041701822399990,1.000000000000000,0.145180245666080,0.325145205207410,0.922065650967880,0.077884124070840,0.047968712835870,0.016812927850830,0.000287231112180,0.713285471638580,0.716376606909550,0.000000000000100,0.000000000000100,0.000000000000100,0.000000000000100,0.006000000000000
0,4,NOMAD,NOT_OPPORTUNISTIC_STRATEGY,/ORTHO_NP1_QUAD,0,0,618052.254898000042886,7400,1738,380.416087880000021,3003.383745014999931,0.968136577646370,0.031845403420940,0.036999999999700,0.068000000000000,0.000000000000100,1.000000000000000,0.671000000000100,0.987000000000000,0.000000000000100,0.000000000000100,0.025570445630140,0.014000000000000,0.644166582507180,0.257974257389050,0.386425356741280,0.000000000000100,0.000287231112180,0.237847706169220,0.001000000000100,0.291859067381390,0.696561236942910,0.901000000000000,0.252672352879300,0.248021307756750,0.868927121551410,0.051671221302780,0.642370723435320,0.033144018559310,0.000287231112180,0.058269645475910,0.229710563848110,0.147185036145350,0.041701822399990,1.000000000000000,0.145180245666080,0.335145205207410,0.922065650967880,0.077884124070840,0.051968712835870,0.016812927850830,0.000287231112180,0.713285471638580,0.636376606909550,0.000000000000100,0.000000000000100,0.000000000000100,0.280000000000100,0.002000000000000
0,4,NOMAD,NOT_OPPORTUNISTIC_STRATEGY,/ORTHO_NP1_QUAD,0,0,617785.745925000053830,7601,1820,387.179459770000051,3056.977010182999948,0.968156577646370,0.031835403420940,0.036999999999700,0.068010000000000,0.000000000000100,0.999980000000000,0.674000000000100,0.987000000000000,0.000000000000100,0.000000000000100,0.085570445630140,0.014020000000000,0.644186582507180,0.257964257389050,0.386405356741280,0.000010000000100,0.000287231112180,0.237837706169220,0.001000000000100,0.291849067381390,0.696561236942910,0.900970000000000,0.252662352879300,0.248041307756750,0.868957121551410,0.051661221302780,0.642360723435320,0.033114018559310,0.000287231112180,0.058249645475910,0.229700563848110,0.147185036145350,0.041701822399990,0.999960000000000,0.145160245666080,0.335125205207410,0.922075650967880,0.077874124070840,0.051958712835870,0.016782927850830,0.000287231112180,0.713285471638580,0.636386606909550,0.000000000000100,0.000000000000100,0.000000000000100,0.280000000000100,0.002000000000000
0,4,NOMAD,NOT_OPPORTUNISTIC_STRATEGY,/ORTHO_NP1_QUAD,0,0,602218.861657000030391,7801,1874,394.008378751000009,3110.664008272000046,0.968156577646370,0.031835403420940,0.036999999999700,0.068010000000000,0.000000000000100,0.999980000000000,0.674000000000100,0.986000000000000,0.000000000000100,0.000000000000100,0.085570445630140,0.014020000000000,0.644186582507180,0.257964257389050,0.386405356741280,0.000010000000100,0.000287231112180,0.237837706169220,0.001000000000100,0.291849067381390,0.696561236942910,0.900970000000000,0.253662352879300,0.238041307756750,0.868957121551410,0.051661221302780,0.632360723435320,0.033114018559310,0.000287231112180,0.059249645475910,0.229700563848110,0.147185036145350,0.041701822399990,0.999960000000000,0.145160245666080,0.335125205207410,0.922075650967880,0.077874124070840,0.051958712835870,0.004782927850830,0.000287231112180,0.713285471638580,0.636386606909550,0.000000000000100,0.000000000000100,0.000000000000100,0.238000000000100,0.002000000000000
0,4,NOMAD,NOT_OPPORTUNISTIC_STRATEGY,/ORTHO_NP1_QUAD,0,0,601142.605436000041664,8001,1921,404.264881391000017,3191.762189358999876,0.968156577646370,0.031835403420940,0.026999999999700,0.068010000000000,0.000000000000100,0.999980000000000,0.674000000000100,0.986000000000000,0.000000000000100,0.000000000000100,0.085570445630140,0.014020000000000,0.644186582507180,0.257964257389050,0.386405356741280,0.000010000000100,0.000287231112180,0.237837706169220,0.001000000000100,0.301849067381390,0.706561236942910,0.900970000000000,0.253662352879300,0.238041307756750,0.868957121551410,0.051661221302780,0.630360723435320,0.033114018559310,0.000287231112180,0.059249645475910,0.229700563848110,0.147185036145350,0.041701822399990,0.989960000000000,0.145160245666080,0.335125205207410,0.922075650967880,0.077874124070840,0.051958712835870,0.004782927850830,0.000287231112180,0.713285471638580,0.636386606909550,0.000000000000100,0.000000000000100,0.000000000000100,0.242000000000100,0.002000000000000
0,4,NOMAD,NOT_OPPORTUNISTIC_STRATEGY,/ORTHO_NP1_QUAD,0,0,599737.182646999950521,8202,1967,417.124352957000042,3293.613336179999806,0.968156577646370,0.031835403420940,0.026999999999700,0.078010000000000,0.000000000000100,0.999980000000000,0.674000000000100,0.986000000000000,0.000000000000100,0.000000000000100,0.085570445630140,0.014020000000000,0.644186582507180,0.258964257389050,0.386405356741280,0.000010000000100,0.000287231112180,0.237837706169220,0.001000000000100,0.300849067381390,0.727561236942910,0.900970000000000,0.253662352879300,0.239041307756750,0.868957121551410,0.050661221302780,0.630360723435320,0.023114018559310,0.000287231112180,0.059249645475910,0.229700563848110,0.146185036145350,0.042701822399990,0.989960000000000,0.145160245666080,0.335125205207410,0.922075650967880,0.077874124070840,0.051958712835870,0.003782927850830,0.000287231112180,0.713285471638580,0.636386606909550,0.000000000000100,0.000000000000100,0.000000000000100,0.239000000000100,0.001000000000000
0,4,NOMAD,NOT_OPPORTUNISTIC_STRATEGY,/ORTHO_NP1_QUAD,0,0,598429.597620000015013,8404,2027,430.749518916000000,3401.731910275999780,0.968156577646370,0.031835403420940,0.026999999999700,0.078010000000000,0.000000000000100,0.999980000000000,0.674000000000100,0.986000000000000,0.000000000000100,0.000000000000100,0.085570445630140,0.014020000000000,0.644186582507180,0.258964257389050,0.386405356741280,0.000010000000100,0.000287231112180,0.237837706169220,0.001000000000100,0.300849067381390,0.728561236942910,0.900970000000000,0.253662352879300,0.239041307756750,0.868957121551410,0.050661221302780,0.630360723435320,0.023114018559310,0.000287231112180,0.059249645475910,0.229700563848110,0.146185036145350,0.042701822399990,0.969960000000000,0.145160245666080,0.335125205207410,0.922075650967880,0.077874124070840,0.051958712835870,0.003782927850830,0.000287231112180,0.713285471638580,0.636386606909550,0.000000000000100,0.000000000000100,0.000000000000100,0.239000000000100,0.001000000000000
0,4,NOMAD,NOT_OPPORTUNISTIC_STRATEGY,/ORTHO_NP1_QUAD,0,0,0.000000000000000,8606,2080,435.867100398000048,3442.045264960000168,0.968156577646370,0.031835403420940,0.036999999999700,0.068010000000000,0.000000000000100,0.999980000000000,0.674000000000100,0.987000000000000,0.000000000000100,0.000000000000100,0.085570445630140,0.014020000000000,0.644186582507180,0.257964257389050,0.386405356741280,0.000010000000100,0.000287231112180,0.237837706169220,0.001000000000100,0.291849067381390,0.696561236942910,0.900970000000000,0.252662352879300,0.248041307756750,0.868957121551410,0.051661221302780,0.642360723435320,0.033114018559310,0.000287231112180,0.058249645475910,0.229700563848110,0.147185036145350,0.041701822399990,0.999960000000000,0.145160245666080,0.335125205207410,0.922075650967880,0.077874124070840,0.051958712835870,0.016782927850830,0.000287231112180,0.713285471638580,0.636386606909550,0.000000000000100,0.000000000000100,0.000000000000100,0.280000000000100,0.002000000000000
0,4,NOMAD,NOT_OPPORTUNISTIC_STRATEGY,/ORTHO_NP1_QUAD,0,0,595686.238950000028126,8801,2120,441.885902750000014,3489.688205688999915,0.968144824646370,0.031834257420940,0.027000199999700,0.077999800000000,0.000000000000100,0.999988286000000,0.674010233000100,0.986000374000000,0.000000480000100,0.000002212000100,0.085571823630140,0.014020840000000,0.644179216507180,0.258964779389050,0.385902556741280,0.000015576000100,0.000286960112180,0.237848330169220,0.000984965000100,0.300858967381390,0.728560936942910,0.901017100000000,0.253152352879300,0.239041407756750,0.868948096551410,0.050664403302780,0.630360723435320,0.023094118559310,0.000284732112180,0.059253371475910,0.229701537848110,0.146193485145350,0.043711922399990,0.969950200000000,0.145172650666080,0.335123485207410,0.922069428967880,0.077862766070840,0.051957224835870,0.003772927850830,0.000274127112180,0.713293834638580,0.636396169909550,0.000003073000100,0.000000201000000,0.000001807000100,0.238970000000100,0.000999145000000
0,4,NOMAD,NOT_OPPORTUNISTIC_STRATEGY,/ORTHO_NP1_QUAD,0,0,595111.281674999976531,9000,2122,448.432080255000017,3541.167749507999815,0.968144714646370,0.031834632420940,0.027001402999700,0.078000858000000,0.000000000000100,0.999988842000000,0.674010313000100,0.986001549000000,0.000000756000100,0.000001876000100,0.085572022630140,0.014020012000000,0.644180243507180,0.258964134389050,0.385902413741280,0.000015837000100,0.000286825112180,0.237847881169220,0.000933664000100,0.300858297381390,0.728555170942910,0.901015553000000,0.253153065879300,0.239040790756750,0.868947511551410,0.050664572302780,0.630365080435320,0.023093089559310,0.000284286112180,0.059252868475910,0.229702274848110,0.146192841145350,0.043709702399990,0.969950609000000,0.145171598666080,0.335123875207410,0.922079597967880,0.077863220070840,0.051957142835870,0.003771218850830,0.000274936112180,0.713293646638580,0.636396282909550,0.000002351000100,0.000000684000000,0.000001374000100,0.238974209000100,0.000997862000000
0,4,NOMAD,NOT_OPPORTUNISTIC_STRATEGY,/ORTHO_NP1_QUAD,0,0,586122.587910000002012,9401,2129,466.512604967000016,3684.107360543000141,0.968144937356370,0.031834463680940,0.027005692999700,0.077999032000000,0.000000000000100,0.999989670390000,0.674011946090100,0.986000060280000,0.000001120100100,0.000000202710100,0.085572423430140,0.014017808000000,0.644182653507180,0.258962890969050,0.385905350741280,0.000016442560100,0.000286535792180,0.237847009209220,0.000878093000100,0.300856671381390,0.728539923942910,0.901017004000000,0.253154193879300,0.239040179756750,0.868948039551410,0.050665172302780,0.630383157435320,0.023091866559310,0.000284144742180,0.059253107285910,0.229704516848110,0.146188130145350,0.043693455399990,0.969951867000000,0.145173965666080,0.335120221207410,0.922118416967880,0.077864041480840,0.051958514835870,0.003761907850830,0.000276281112180,0.713294758638580,0.636396798739550,0.000024540000100,0.000001863350000,0.000001539770100,0.238992375000100,0.001001869000000
0,4,NOMAD,NOT_OPPORTUNISTIC_STRATEGY,/ORTHO_NP1_QUAD,0,0,581224.564876000047661,9600,2136,475.599322189000020,3755.809212203999778,0.968145896206370,0.031833125530940,0.027014642389700,0.077998494890000,0.000000000000100,0.999989902110000,0.674012766060100,0.986000577840000,0.000000942210100,0.000000040120100,0.085572575830140,0.014022079790000,0.644181330817180,0.258962838849050,0.385903727171280,0.000016258120100,0.000287213112180,0.237845988139220,0.000898307000100,0.300852029821390,0.728244400942910,0.901015554430000,0.253156911839300,0.239042234046750,0.868940679431410,0.050662398492780,0.630389876435320,0.023082815249310,0.000284207592180,0.059252419485910,0.229703167078110,0.146192994885350,0.043701767399990,0.969959915340000,0.145217642346080,0.335122556207410,0.922134049967880,0.077864992500840,0.051960990305870,0.003786915850830,0.000277175662180,0.713293164948580,0.636397299479550,0.000031564390100,0.000002748920000,0.000002452490100,0.239004507000100,0.000999045340000
0,4,NOMAD,NOT_OPPORTUNISTIC_STRATEGY,/ORTHO_NP1_QUAD,0,0,581261.690286000026390,9600,2136,475.599583869000014,3755.813191267000093,0.968145919576370,0.031833111150940,0.027014627389700,0.077998492890000,0.000000000000100,0.999989888990000,0.674012713060100,0.986000597000000,0.000000967680100,0.000002040340100,0.085572570680140,0.014022092790000,0.644181392817180,0.258962828209050,0.385903762491280,0.000016259420100,0.000287212332180,0.237845974849220,0.000898281000100,0.300852139821390,0.728444400942910,0.901015497430000,0.253156854839300,0.239042228596750,0.868940674431410,0.050662415492780,0.630389922435320,0.023082766249310,0.000284185492180,0.059252445445910,0.229703112078110,0.146192992875350,0.043701834399990,0.969959884340000,0.145217775346080,0.335122433207410,0.922134100967880,0.077864982770840,0.051960855305870,0.003786895850830,0.000277175962180,0.713293201948580,0.636397293279550,0.000031487390100,0.000002738390000,0.000002414410100,0.239004592000100,0.000999206340000
0,4,NOMAD,NOT_OPPORTUNISTIC_STRATEGY,/ORTHO_NP1_QUAD,0,0,581261.690286000026390,9601,2136,475.599902875000055,3755.834220503999859,0.968145919576370,0.031833111150940,0.027014627389700,0.077998492890000,0.000000000000100,0.999989888990000,0.674012713060100,0.986000597000000,0.000000967680100,0.000002040340100,0.085572570680140,0.014022092790000,0.644181392817180,0.258962828209050,0.385903762491280,0.000016259420100,0.000287212332180,0.237845974849220,0.000898281000100,0.300852139821390,0.728444400942910,0.901015497430000,0.253156854839300,0.239042228596750,0.868940674431410,0.050662415492780,0.630389922435320,0.023082766249310,0.000284185492180,0.059252445445910,0.229703112078110,0.146192992875350,0.043701834399990,0.969959884340000,0.145217775346080,0.335122433207410,0.922134100967880,0.077864982770840,0.051960855305870,0.003786895850830,0.000277175962180,0.713293201948580,0.636397293279550,0.000031487390100,0.000002738390000,0.000002414410100,0.239004592000100,0.000999206340000
0,4,NOMAD,NOT_OPPORTUNISTIC_STRATEGY,/ORTHO_NP1_QUAD,0,0,580292.422159999958239,10019,2144,490.165227027000014,3871.100905141000112,0.968145969180170,0.031833349368340,0.027014637891200,0.077998351511200,0.000000000000100,0.999990058260300,0.674012834965500,0.986000532834000,0.000000955507200,0.000000008365600,0.085572614395440,0.014021883450000,0.644181345763980,0.258962840897450,0.385903729803880,0.000014276607800,0.000287228890680,0.237846034727720,0.000899208200100,0.300851890901390,0.728453929942910,0.901015939350000,0.253156997131100,0.239042411535150,0.868940468211410,0.050662546895080,0.630399890965320,0.023020676249310,0.000284232346480,0.059252371721010,0.229702832728110,0.146192944368650,0.043702523069990,0.969959370730000,0.145218854986080,0.335122880967410,0.922135223097880,0.077864939334340,0.051961296156270,0.003787368220830,0.000277304817180,0.713293376618580,0.636397290579950,0.000031925570100,0.000002741194200,0.000002439474300,0.239003551650100,0.000998789290000
0,4,NOMAD,NOT_OPPORTUNISTIC_STRATEGY,/ORTHO_NP1_QUAD,0,0,0.000000000000000,10417,2145,504.998345797000013,3987.305946099999801,0.968145969180170,0.026845403420940,0.003999999999700,0.109000000000000,0.000000000000100,1.000000000000000,0.020000000000100,0.000000000000100,0.000000000000100,0.000000000000100,0.005570445630140,0.014000000000000,0.644166582507180,0.257974257389050,0.440425356741280,0.000000000000100,0.000287231112180,0.237847706169220,0.001000000000100,0.295859067381390,0.696561236942910,0.901000000000000,0.252672352879300,0.247021307756750,0.868927121551410,0.052671221302780,0.942370723435320,0.034144018559310,0.000287231112180,0.058269645475910,0.229710563848110,0.151185036145350,0.041701822399990,1.000000000000000,0.145180245666080,0.325145205207410,0.922065650967880,0.077884124070840,0.047968712835870,0.016812927850830,0.000287231112180,0.713285471638580,0.716376606909550,0.000000000000100,0.000000000000100,0.000000000000100,0.000000000000100,0.006000000000000
0,4,NOMAD,NOT_OPPORTUNISTIC_STRATEGY,/ORTHO_NP1_QUAD,0,0,0.000000000000000,10417,2145,504.998390009000047,3987.305970576000163,0.968136577646370,0.026845403420940,0.003999999999700,0.109000000000000,0.000000000000100,1.000000000000000,0.020000000000100,0.000000000000100,0.000000000000100,0.000000000000100,0.005570445630140,0.014000000000000,0.644166582507180,0.257974257389050,0.440425356741280,0.000000000000100,0.000287231112180,0.237847706169220,0.001000000000100,0.295859067381390,0.696561236942910,0.901000000000000,0.252672352879300,0.247021307756750,0.868927121551410,0.052671221302780,0.942370723435320,0.034144018559310,0.000287231112180,0.058269645475910,0.229710563848110,0.151185036145350,0.041701822399990,1.000000000000000,0.145180245666080,0.325145205207410,0.922065650967880,0.077884124070840,0.047968712835870,0.016812927850830,0.000287231112180,0.713285471638580,0.716376606909550,0.000000000000100,0.000000000000100,0.000000000000100,0.000000000000100,0.006000000000000
0,4,NOMAD,NOT_OPPORTUNISTIC_STRATEGY,/ORTHO_NP1_QUAD,0,0,579644.768330999999307,10619,2145,0.000000512937060,4050.184875401000227,0.968145938959530,0.031833262243830,0.027014508917460,0.077998570778370,0.000000000000110,0.999989951096770,0.674012831368680,0.986000490609880,0.000000724550920,0.000000083363100,0.085572586084040,0.014021910729030,0.644181232590150,0.258962957605250,0.385903706024570,0.000014300875450,0.000287212177320,0.237846075820720,0.000899237592940,0.300852075596150,0.728446861084670,0.901016320974430,0.253156992349850,0.239042418905590,0.868940596076250,0.050663383356560,0.630400366239450,0.023033142989090,0.000284287980530,0.059252399168930,0.229702687063300,0.146192935807080,0.043702802106080,0.969959549961300,0.145218591762680,0.335122992211970,0.922135463338700,0.077865026845180,0.051961353832170,0.003787383483450,0.000277355856900,0.713293697985310,0.636397296789210,0.000037937120110,0.000002726725600,0.000002369062300,0.239017223657920,0.000998493777550
0,4,NOMAD,NOT_OPPORTUNISTIC_STRATEGY,/ORTHO_NP1_QUAD,0,0,579644.768330999999307,10619,2145,0.000000512937060,4050.184875401000227,0.968145938959530,0.031833262243830,0.027014508917460,0.077998570778370,0.000000000000110,0.999989951096770,0.674012831368680,0.986000490609880,0.000000724550920,0.000000083363100,0.085572586084040,0.014021910729030,0.644181232590150,0.258962957605250,0.385903706024570,0.000014300875450,0.000287212177320,0.237846075820720,0.000899237592940,0.300852075596150,0.728446861084670,0.901016320974430,0.253156992349850,0.239042418905590,0.868940596076250,0.050663383356560,0.630400366239450,0.023033142989090,0.000284287980530,0.059252399168930,0.229702687063300,0.146192935807080,0.043702802106080,0.969959549961300,0.145218591762680,0.335122992211970,0.922135463338700,0.077865026845180,0.051961353832170,0.003787383483450,0.000277355856900,0.713293697985310,0.636397296789210,0.000037937120110,0.000002726725600,0.000002369062300,0.239017223657920,0.000998493777550
0,4,NOMAD,NOT_OPPORTUNISTIC_STRATEGY,/ORTHO_NP1_QUAD,0,0,0.000000000000000,11405,2145,539.746360750000008,4261.685233905000132,0.968145919576370,0.031833111150940,0.027014627389700,0.077998492890000,0.000000000000100,0.999989888990000,0.674012713060100,0.986000597000000,0.000000967680100,0.000002040340100,0.085572570680140,0.014022092790000,0.644181392817180,0.258962828209050,0.385903762491280,0.000016259420100,0.000287212332180,0.237845974849220,0.000898281000100,0.300852139821390,0.728444400942910,0.901015497430000,0.253156854839300,0.239042228596750,0.868940674431410,0.050662415492780,0.630389922435320,0.023082766249310,0.000284185492180,0.059252445445910,0.229703112078110,0.146192992875350,0.043701834399990,0.969959884340000,0.145217775346080,0.335122433207410,0.922134100967880,0.077864982770840,0.051960855305870,0.003786895850830,0.000277175962180,0.713293201948580,0.636397293279550,0.000031487390100,0.000002738390000,0.000002414410100,0.239004592000100,0.000999206340000
0,4,NOMAD,NOT_OPPORTUNISTIC_STRATEGY,/ORTHO_NP1_QUAD,0,0,0.000000000000000,11608,2145,545.749669788999995,4308.132382148000033,0.968136577646370,0.026845403420940,0.003999999999700,0.109000000000000,0.000000000000100,1.000000000000000,0.020000000000100,0.000000000000100,0.000000000000100,0.000000000000100,0.005570445630140,0.014000000000000,0.644166582507180,0.257974257389050,0.440425356741280,0.000000000000100,0.000287231112180,0.237847706169220,0.001000000000100,0.295859067381390,0.696561236942910,0.901000000000000,0.252672352879300,0.247021307756750,0.868927121551410,0.052671221302780,0.942370723435320,0.034144018559310,0.000287231112180,0.058269645475910,0.229710563848110,0.151185036145350,0.041701822399990,1.000000000000000,0.145180245666080,0.325145205207410,0.922065650967880,0.077884124070840,0.047968712835870,0.016812927850830,0.000287231112180,0.713285471638580,0.716376606909550,0.000000000000100,0.000000000000100,0.000000000000100,0.000000000000100,0.006000000000000
0,4,NOMAD,NOT_OPPORTUNISTIC_STRATEGY,/ORTHO_NP1_QUAD,0,0,0.000000000000000,11803,2145,551.240147837999984,4350.788978827000392,0.968145969180170,0.031833349368340,0.027014637891200,0.077998351511200,0.000000000000100,0.999990058260300,0.674012834965500,0.986000532834000,0.000000955507200,0.000000008365600,0.085572614395440,0.014021883450000,0.644181345763980,0.258962840897450,0.385903729803880,0.000014276607800,0.000287228890680,0.237846034727720,0.000899208200100,0.300851890901390,0.728453929942910,0.901015939350000,0.253156997131100,0.239042411535150,0.868940468211410,0.050662546895080,0.630399890965320,0.023020676249310,0.000284232346480,0.059252371721010,0.229702832728110,0.146192944368650,0.043702523069990,0.969959370730000,0.145218854986080,0.335122880967410,0.922135223097880,0.077864939334340,0.051961296156270,0.003787368220830,0.000277304817180,0.713293376618580,0.636397290579950,0.000031925570100,0.000002741194200,0.000002439474300,0.239003551650100,0.000998789290000
0,4,NOMAD,NOT_OPPORTUNISTIC_STRATEGY,/ORTHO_NP1_QUAD,0,0,0.000000000000000,11803,2145,551.240147837999984,4350.788978827000392,0.968145969180170,0.031833349368340,0.027014637891200,0.077998351511200,0.000000000000100,0.999990058260300,0.674012834965500,0.986000532834000,0.000000955507200,0.000000008365600,0.085572614395440,0.014021883450000,0.644181345763980,0.258962840897450,0.385903729803880,0.000014276607800,0.000287228890680,0.237846034727720,0.000899208200100,0.300851890901390,0.728453929942910,0.901015939350000,0.253156997131100,0.239042411535150,0.868940468211410,0.050662546895080,0.630399890965320,0.023020676249310,0.000284232346480,0.059252371721010,0.229702832728110,0.146192944368650,0.043702523069990,0.969959370730000,0.145218854986080,0.335122880967410,0.922135223097880,0.077864939334340,0.051961296156270,0.003787368220830,0.000277304817180,0.713293376618580,0.636397290579950,0.000031925570100,0.000002741194200,0.000002439474300,0.239003551650100,0.000998789290000
0,4,NOMAD,NOT_OPPORTUNISTIC_STRATEGY,/ORTHO_NP1_QUAD,0,0,0.000000000000000,12015,2145,559.019610217000036,4411.980336661999900,0.968145969180170,0.031833349368340,0.027014637891200,0.077998351511200,0.000000000000100,0.999990058260300,0.674012834965500,0.986000532834000,0.000000955507200,0.000000008365600,0.085572614395440,0.014021883450000,0.644181345763980,0.258962840897450,0.385903729803880,0.000014276607800,0.000287228890680,0.237846034727720,0.000899208200100,0.300851890901390,0.728453929942910,0.901015939350000,0.253156997131100,0.239042411535150,0.868940468211410,0.050662546895080,0.630399890965320,0.023020676249310,0.000284232346480,0.059252371721010,0.229702832728110,0.146192944368650,0.043702523069990,0.969959370730000,0.145218854986080,0.335122880967410,0.922135223097880,0.077864939334340,0.051961296156270,0.003787368220830,0.000277304817180,0.713293376618580,0.636397290579950,0.000031925570100,0.000002741194200,0.000002439474300,0.239003551650100,0.000998789290000
0,4,NOMAD,NOT_OPPORTUNISTIC_STRATEGY,/ORTHO_NP1_QUAD,0,0,579390.167679999954998,12800,2145,589.475572861000046,4652.044966534999730,0.968145947062550,0.031833269296620,0.027014528841360,0.077998601228250,0.000000000000220,0.999989953674900,0.674012835555140,0.986000494333340,0.000000981602200,0.000000079003230,0.085572589230150,0.014021904575150,0.644181238740040,0.258963093059900,0.385903711290210,0.000014305272320,0.000287212622890,0.237846075249870,0.000899236645730,0.300852058637430,0.728446408336490,0.901018721314850,0.253156992131840,0.239042423145860,0.868940593574400,0.050663378714070,0.630400341059570,0.023033558260240,0.000287217128110,0.059252398763510,0.229702693802920,0.146192933519290,0.043702809721070,0.969959793083930,0.145221107659720,0.335123012058450,0.922135473434770,0.077865024005920,0.051961334215410,0.003787383372400,0.000277359098970,0.713293696440680,0.636397297430960,0.000039698718910,0.000002728935410,0.000002379820660,0.239016960437250,0.000998511370640
0,4,NOMAD,NOT_OPPORTUNISTIC_STRATEGY,/ORTHO_NP1_QUAD,0,0,579390.167679999954998,12800,2145,589.475810965000051,4652.060418846000175,0.968145947062550,0.031833269296620,0.027014528841360,0.077998601228250,0.000000000000220,0.999989953674900,0.674012835555140,0.986000494333340,0.000000981602200,0.000000079003230,0.085572589230150,0.014021904575150,0.644181238740040,0.258963093059900,0.385903711290210,0.000014305272320,0.000287212622890,0.237846075249870,0.000899236645730,0.300852058637430,0.728446408336490,0.901018721314850,0.253156992131840,0.239042423145860,0.868940593574400,0.050663378714070,0.630400341059570,0.023033558260240,0.000287217128110,0.059252398763510,0.229702693802920,0.146192933519290,0.043702809721070,0.969959793083930,0.145221107659720,0.335123012058450,0.922135473434770,0.077865024005920,0.051961334215410,0.003787383372400,0.000277359098970,0.713293696440680,0.636397297430960,0.000039698718910,0.000002728935410,0.000002379820660,0.239016960437250,0.000998511370640
0,4,NOMAD,NOT_OPPORTUNISTIC_STRATEGY,/ORTHO_NP1_QUAD,0,0,579390.167679999954998,12800,2145,589.475998221000054,4652.060899586999767,0.968145947062550,0.031833269296620,0.027014528841360,0.077998601228250,0.000000000000220,0.999989953674900,0.674012835555140,0.986000494333340,0.000000981602200,0.000000079003230,0.085572589230150,0.014021904575150,0.644181238740040,0.258963093059900,0.385903711290210,0.000014305272320,0.000287212622890,0.237846075249870,0.000899236645730,0.300852058637430,0.728446408336490,0.901018721314850,0.253156992131840,0.239042423145860,0.868940593574400,0.050663378714070,0.630400341059570,0.023033558260240,0.000287217128110,0.059252398763510,0.229702693802920,0.146192933519290,0.043702809721070,0.969959793083930,0.145221107659720,0.335123012058450,0.922135473434770,0.077865024005920,0.051961334215410,0.003787383372400,0.000277359098970,0.713293696440680,0.636397297430960,0.000039698718910,0.000002728935410,0.000002379820660,0.239016960437250,0.000998511370640
0,4,NOMAD,NOT_OPPORTUNISTIC_STRATEGY,/ORTHO_NP1_QUAD,0,0,579390.167679999954998,12800,2145,589.476157414999989,4652.061646846999793,0.968145947062550,0.031833269296620,0.027014528841360,0.077998601228250,0.000000000000220,0.999989953674900,0.674012835555140,0.986000494333340,0.000000981602200,0.000000079003230,0.085572589230150,0.014021904575150,0.644181238740040,0.258963093059900,0.385903711290210,0.000014305272320,0.000287212622890,0.237846075249870,0.000899236645730,0.300852058637430,0.728446408336490,0.901018721314850,0.253156992131840,0.239042423145860,0.868940593574400,0.050663378714070,0.630400341059570,0.023033558260240,0.000287217128110,0.059252398763510,0.229702693802920,0.146192933519290,0.043702809721070,0.969959793083930,0.145221107659720,0.335123012058450,0.922135473434770,0.077865024005920,0.051961334215410,0.003787383372400,0.000277359098970,0.713293696440680,0.636397297430960,0.000039698718910,0.000002728935410,0.000002379820660,0.239016960437250,0.000998511370640
0,4,NOMAD,NOT_OPPORTUNISTIC_STRATEGY,/ORTHO_NP1_QUAD,0,0,0.000000000000000,13000,2145,596.977462306999996,4711.005759161000242,0.968145947062550,0.031833269296620,0.027014528841360,0.077998601228250,0.000000000000220,0.999989953674900,0.674012835555140,0.986000494333340,0.000000981602200,0.000000079003230,0.085572589230150,0.014021904575150,0.644181238740040,0.258963093059900,0.385903711290210,0.000014305272320,0.000287212622890,0.237846075249870,0.000899236645730,0.300852058637430,0.728446408336490,0.901018721314850,0.253156992131840,0.239042423145860,0.868940593574400,0.050663378714070,0.630400341059570,0.023033558260240,0.000287217128110,0.059252398763510,0.229702693802920,0.146192933519290,0.043702809721070,0.969959793083930,0.145221107659720,0.335123012058450,0.922135473434770,0.077865024005920,0.051961334215410,0.003787383372400,0.000277359098970,0.713293696440680,0.636397297430960,0.000039698718910,0.000002728935410,0.000002379820660,0.239016960437250,0.000998511370640
0,4,NOMAD,NOT_OPPORTUNISTIC_STRATEGY,/ORTHO_NP1_QUAD,0,0,0.000000000000000,13000,2145,596.977645075000055,4711.007819553999980,0.968145969180170,0.031833349368340,0.027014637891200,0.077998351511200,0.000000000000100,0.999990058260300,0.674012834965500,0.986000532834000,0.000000955507200,0.000000008365600,0.085572614395440,0.014021883450000,0.644181345763980,0.258962840897450,0.385903729803880,0.000014276607800,0.000287228890680,0.237846034727720,0.000899208200100,0.300851890901390,0.728453929942910,0.901015939350000,0.253156997131100,0.239042411535150,0.868940468211410,0.050662546895080,0.630399890965320,0.023020676249310,0.000284232346480,0.059252371721010,0.229702832728110,0.146192944368650,0.043702523069990,0.969959370730000,0.145218854986080,0.335122880967410,0.922135223097880,0.077864939334340,0.051961296156270,0.003787368220830,0.000277304817180,0.713293376618580,0.636397290579950,0.000031925570100,0.000002741194200,0.000002439474300,0.239003551650100,0.000998789290000
0,4,NOMAD,NOT_OPPORTUNISTIC_STRATEGY,/ORTHO_NP1_QUAD,0,0,0.000000000000000,13000,2145,596.982218584000066,4711.028677850999884,0.968145947062550,0.031833269296620,0.027014528841360,0.077998601228250,0.000000000000220,0.999989953674900,0.674012835555140,0.986000494333340,0.000000981602200,0.000000079003230,0.085572589230150,0.014021904575150,0.644181238740040,0.258963093059900,0.385903711290210,0.000014305272320,0.000287212622890,0.237846075249870,0.000899236645730,0.300852058637430,0.728446408336490,0.901018721314850,0.253156992131840,0.239042423145860,0.868940593574400,0.050663378714070,0.630400341059570,0.023033558260240,0.000287217128110,0.059252398763510,0.229702693802920,0.146192933519290,0.043702809721070,0.969959793083930,0.145221107659720,0.335123012058450,0.922135473434770,0.077865024005920,0.051961334215410,0.003787383372400,0.000277359098970,0.713293696440680,0.636397297430960,0.000039698718910,0.000002728935410,0.000002379820660,0.239016960437250,0.000998511370640
0,4,NOMAD,NOT_OPPORTUNISTIC_STRATEGY,/ORTHO_NP1_QUAD,0,0,0.000000000000000,13209,2145,0.000000606668370,4786.993191198000204,0.968145969180170,0.031833349368340,0.027014637891200,0.077998351511200,0.000000000000100,0.999990058260300,0.674012834965500,0.986000532834000,0.000000955507200,0.000000008365600,0.085572614395440,0.014021883450000,0.644181345763980,0.258962840897450,0.385903729803880,0.000014276607800,0.000287228890680,0.237846034727720,0.000899208200100,0.300851890901390,0.728453929942910,0.901015939350000,0.253156997131100,0.239042411535150,0.868940468211410,0.050662546895080,0.630399890965320,0.023020676249310,0.000284232346480,0.059252371721010,0.229702832728110,0.146192944368650,0.043702523069990,0.969959370730000,0.145218854986080,0.335122880967410,0.922135223097880,0.077864939334340,0.051961296156270,0.003787368220830,0.000277304817180,0.713293376618580,0.636397290579950,0.000031925570100,0.000002741194200,0.000002439474300,0.239003551650100,0.000998789290000
0,4,NOMAD,NOT_OPPORTUNISTIC_STRATEGY,/ORTHO_NP1_QUAD,0,0,0.000000000000000,13209,2145,0.000000606668370,4786.993191198000204,0.968145969180170,0.031833349368340,0.027014637891200,0.077998351511200,0.000000000000100,0.999990058260300,0.674012834965500,0.986000532834000,0.000000955507200,0.000000008365600,0.085572614395440,0.014021883450000,0.644181345763980,0.258962840897450,0.385903729803880,0.000014276607800,0.000287228890680,0.237846034727720,0.000899208200100,0.300851890901390,0.728453929942910,0.901015939350000,0.253156997131100,0.239042411535150,0.868940468211410,0.050662546895080,0.630399890965320,0.023020676249310,0.000284232346480,0.059252371721010,0.229702832728110,0.146192944368650,0.043702523069990,0.969959370730000,0.145218854986080,0.335122880967410,0.922135223097880,0.077864939334340,0.051961296156270,0.003787368220830,0.000277304817180,0.713293376618580,0.636397290579950,0.000031925570100,0.000002741194200,0.000002439474300,0.239003551650100,0.000998789290000
0,4,NOMAD,NOT_OPPORTUNISTIC_STRATEGY,/ORTHO_NP1_QUAD,0,0,578681.373102999990806,13419,2145,618.259280449000016,4878.691367174999868,0.968145947015030,0.031833268979030,0.027014507009530,0.077998600027990,0.000000000000220,0.999989951858030,0.674012835701160,0.986000494186710,0.000005083078530,0.000000079149960,0.085572589067280,0.014021914153150,0.644181238710550,0.259217024566400,0.385903711598580,0.000014304559220,0.000287212707220,0.237846075261460,0.000899236721120,0.300852057329500,0.728446412825470,0.901019163136020,0.253156992039000,0.239042423867010,0.868940593622550,0.050663376315720,0.630400340885710,0.023033568676810,0.000287231112180,0.059253126698240,0.229702699338810,0.146192933303030,0.043702808963070,0.969959848304370,0.145220846365090,0.335123010125690,0.922135474839090,0.077865024170560,0.051961334285600,0.003787383282350,0.000277359184410,0.713293696170100,0.636397297247730,0.000039699698310,0.000002729774880,0.000002380942570,0.239016959067060,0.000998511236950
0,4,NOMAD,NOT_OPPORTUNISTIC_STRATEGY,/ORTHO_NP1_QUAD,0,0,578634.634712000028230,13617,2145,624.976897363000035,4931.783769855999708,0.968145946641310,0.031833268766600,0.027014504271260,0.077998600032950,0.000000000000100,0.999989951520460,0.674012833722980,0.986000495337840,0.000006112998530,0.000000079759860,0.085572587374190,0.014021911965800,0.644181237628980,0.259238495566400,0.385903711877700,0.000014303544790,0.000287212656940,0.237846075658650,0.000899236665450,0.300852057667440,0.728446411619740,0.901019143544120,0.253156994225750,0.239042423602460,0.868940594907390,0.050663377041260,0.630400340452350,0.023033569407970,0.000287228093680,0.059253125338980,0.229702698524330,0.146192930399590,0.043702808343650,0.969959827268470,0.145220867211790,0.335123009439640,0.922135474165180,0.077865024452190,0.051961333244610,0.003787382250890,0.000277359142130,0.713293696314850,0.636397298139700,0.000039698923440,0.000002727874320,0.000002380735360,0.239016957108680,0.000998511064380
0,4,NOMAD,NOT_OPPORTUNISTIC_STRATEGY,/ORTHO_NP1_QUAD,0,0,578581.214156999951228,14000,2145,640.966626375000033,5057.642441787999815,0.968146395154750,0.031833263780700,0.027014498865950,0.077998654633530,0.000000000000100,0.999989945884080,0.674012862091320,0.986000484661880,0.000007215417920,0.000000063601840,0.085572641259920,0.014021915760420,0.644181255659500,0.259233391060650,0.385903724295930,0.000014297829240,0.000287206918310,0.237846132580510,0.000899249294990,0.300852055235370,0.728446399785600,0.901019624993900,0.253156951942020,0.239042429773940,0.868940623089580,0.050663371201840,0.630400327303530,0.023033579015560,0.000287231110180,0.059253131062900,0.229702707972580,0.146192904249670,0.043702846080900,0.969960034071350,0.145220989572880,0.335123007966530,0.922135464397930,0.077865034592160,0.051961416337020,0.003787391814440,0.000277316289460,0.713293715292250,0.636397296859890,0.000040207098290,0.000002698386600,0.000002374131580,0.239016971235560,0.000998516956060
0,4,NOMAD,NOT_OPPORTUNISTIC_STRATEGY,/ORTHO_NP1_QUAD,0,0,0.000000000000000,14214,2145,653.801050175999990,5158.916386177999811,0.968145947015030,0.031833268979030,0.027014507009530,0.077998600027990,0.000000000000220,0.999989951858030,0.674012835701160,0.986000494186710,0.000005083078530,0.000000079149960,0.085572589067280,0.014021914153150,0.644181238710550,0.259217024566400,0.385903711598580,0.000014304559220,0.000287212707220,0.237846075261460,0.000899236721120,0.300852057329500,0.728446412825470,0.901019163136020,0.253156992039000,0.239042423867010,0.868940593622550,0.050663376315720,0.630400340885710,0.023033568676810,0.000287231112180,0.059253126698240,0.229702699338810,0.146192933303030,0.043702808963070,0.969959848304370,0.145220846365090,0.335123010125690,0.922135474839090,0.077865024170560,0.051961334285600,0.003787383282350,0.000277359184410,0.713293696170100,0.636397297247730,0.000039699698310,0.000002729774880,0.000002380942570,0.239016959067060,0.000998511236950
0,4,NOMAD,NOT_OPPORTUNISTIC_STRATEGY,/ORTHO_NP1_QUAD,0,0,0.000000000000000,14214,2145,653.801050175999990,5158.916386177999811,0.968145947015030,0.031833268979030,0.027014507009530,0.077998600027990,0.000000000000220,0.999989951858030,0.674012835701160,0.986000494186710,0.000005083078530,0.000000079149960,0.085572589067280,0.014021914153150,0.644181238710550,0.259217024566400,0.385903711598580,0.000014304559220,0.000287212707220,0.237846075261460,0.000899236721120,0.300852057329500,0.728446412825470,0.901019163136020,0.253156992039000,0.239042423867010,0.868940593622550,0.050663376315720,0.630400340885710,0.023033568676810,0.000287231112180,0.059253126698240,0.229702699338810,0.146192933303030,0.043702808963070,0.969959848304370,0.145220846365090,0.335123010125690,0.922135474839090,0.077865024170560,0.051961334285600,0.003787383282350,0.000277359184410,0.713293696170100,0.636397297247730,0.000039699698310,0.000002729774880,0.000002380942570,0.239016959067060,0.000998511236950
0,4,NOMAD,NOT_OPPORTUNISTIC_STRATEGY,/ORTHO_NP1_QUAD,0,0,578503.752911000046879,14618,2145,685.185369737000087,5406.091628737000065,0.968146543481020,0.031833269769040,0.027014503316380,0.079029235096670,0.000000000000100,0.999989943760240,0.674012878103560,0.986000475210490,0.000007422200510,0.000000050325560,0.085572668263330,0.014021915837880,0.644181280491520,0.259229308641490,0.385903710043140,0.000014299292270,0.000287215807940,0.237846343204290,0.000899252381760,0.300852052813500,0.728446408146270,0.901019620935060,0.253156949388210,0.239042528772130,0.868940626127480,0.050663373895680,0.630400327864280,0.023033583596560,0.000287227852360,0.059253143304860,0.229702700849940,0.146192900886530,0.043702825573600,0.969960017964090,0.145221160772950,0.335123008588950,0.922135450580470,0.077865037908430,0.051961398677730,0.003787396294080,0.000277191243640,0.713293729905920,0.636397296727120,0.000040737224770,0.000002684468740,0.000002373087990,0.239016973902110,0.000998524152290
0,4,NOMAD,NOT_OPPORTUNISTIC_STRATEGY,/ORTHO_NP1_QUAD,0,0,578500.984119000029750,14818,2145,699.560864464000019,5520.068843164000100,0.968146546672820,0.031833270031380,0.027014403158280,0.079028735096670,0.000000000000100,0.999989943343390,0.674012878454440,0.986000475248260,0.000007421072210,0.000000050265320,0.085572668341710,0.014021915503130,0.644181280623750,0.259229327641490,0.385903708992240,0.000014299252610,0.000287215100090,0.237846141996590,0.000899253390400,0.300851952853680,0.728446408002620,0.901019626832460,0.253156949364940,0.239043178968730,0.868940625961070,0.050663373563270,0.630400327598250,0.023033583389020,0.000287227339990,0.059253144078320,0.229702701003860,0.146192900799450,0.043702825874970,0.969960018077790,0.145221160153450,0.335123009026170,0.922135450881840,0.077865037797460,0.051961398927940,0.003787396039970,0.000277190621040,0.713293730106840,0.636397296630800,0.000040736161070,0.000002685217520,0.000002373238050,0.239016974020400,0.000998524191590
0,4,NOMAD,NOT_OPPORTUNISTIC_STRATEGY,/ORTHO_NP1_QUAD,0,0,578500.137816000031307,15202,2145,714.590641111000082,5639.078729892999945,0.968146550568220,0.031833270841210,0.027014403078210,0.079028558096670,0.000000000000100,0.999989943484110,0.674012878459040,0.986000474880250,0.000007416534810,0.000000100071960,0.085572668251930,0.014021915782820,0.644181280240450,0.259229323061490,0.385903787404160,0.000014298900980,0.000287215054940,0.237846142536600,0.000899253245470,0.300851953561890,0.728446407989860,0.901019626148160,0.253156949110530,0.239043176604330,0.868940626545980,0.050663374128990,0.630400327813620,0.023033603411830,0.000287227598070,0.059253144368400,0.229702700990010,0.146192900902100,0.043702825736010,0.969960018536990,0.145221159642550,0.335123009619700,0.922135451020320,0.077865037651300,0.051961398199460,0.003787396150560,0.000277192009540,0.713293730166680,0.636397296490340,0.000040744294370,0.000002685439110,0.000002373538710,0.239016974071720,0.000998524141150
0,4,NOMAD,NOT_OPPORTUNISTIC_STRATEGY,/ORTHO_NP1_QUAD,0,0,578500.137816000031307,15202,2145,714.590641111000082,5639.078729892999945,0.968146550568220,0.031833270841210,0.027014403078210,0.079028558096670,0.000000000000100,0.999989943484110,0.674012878459040,0.986000474880250,0.000007416534810,0.000000100071960,0.085572668251930,0.014021915782820,0.644181280240450,0.259229323061490,0.385903787404160,0.000014298900980,0.000287215054940,0.237846142536600,0.000899253245470,0.300851953561890,0.728446407989860,0.901019626148160,0.253156949110530,0.239043176604330,0.868940626545980,0.050663374128990,0.630400327813620,0.023033603411830,0.000287227598070,0.059253144368400,0.229702700990010,0.146192900902100,0.043702825736010,0.969960018536990,0.145221159642550,0.335123009619700,0.922135451020320,0.077865037651300,0.051961398199460,0.003787396150560,0.000277192009540,0.713293730166680,0.636397296490340,0.000040744294370,0.000002685439110,0.000002373538710,0.239016974071720,0.000998524141150
0,4,NOMAD,NOT_OPPORTUNISTIC_STRATEGY,/ORTHO_NP1_QUAD,0,0,578500.137816000031307,15400,2145,722.882325468000090,5705.073416987999735,0.968146550568220,0.031833270841210,0.027014403078210,0.079028558096670,0.000000000000100,0.999989943484110,0.674012878459040,0.986000474880250,0.000007416534810,0.000000100071960,0.085572668251930,0.014021915782820,0.644181280240450,0.259229323061490,0.385903787404160,0.000014298900980,0.000287215054940,0.237846142536600,0.000899253245470,0.300851953561890,0.728446407989860,0.901019626148160,0.253156949110530,0.239043176604330,0.868940626545980,0.050663374128990,0.630400327813620,0.023033603411830,0.000287227598070,0.059253144368400,0.229702700990010,0.146192900902100,0.043702825736010,0.969960018536990,0.145221159642550,0.335123009619700,0.922135451020320,0.077865037651300,0.051961398199460,0.003787396150560,0.000277192009540,0.713293730166680,0.636397296490340,0.000040744294370,0.000002685439110,0.000002373538710,0.239016974071720,0.000998524141150
0,4,NOMAD,NOT_OPPORTUNISTIC_STRATEGY,/ORTHO_NP1_QUAD,0,0,578499.247595999971963,15602,2145,729.676424311999995,5757.652130759000102,0.968146550091560,0.031833271217940,0.027014402965550,0.079028747174470,0.000000000000100,0.999989943310920,0.674012878275640,0.986000475017200,0.000007500054150,0.000000099988450,0.085572668403210,0.014021915939100,0.644181280362120,0.259229325967920,0.385903787078300,0.000014298654560,0.000287215165660,0.237846142832250,0.000899255817590,0.300851953326650,0.728446407851860,0.901019625153670,0.253156949340510,0.239043177721750,0.868940626395790,0.050663373812640,0.630400327787910,0.023033603907140,0.000287227673610,0.059253144639010,0.229702700816900,0.146192901088790,0.043702826024910,0.969960018381310,0.145221156888480,0.335123009537440,0.922135451204050,0.077865037941720,0.051961398443470,0.003787396171550,0.000277192394100,0.713293730584570,0.636397296526010,0.000040745488070,0.000002685586940,0.000002373665080,0.239016974260410,0.000998525276350
0,4,NOMAD,NOT_OPPORTUNISTIC_STRATEGY,/ORTHO_NP1_QUAD,0,0,578498.939741999958642,15740,2145,737.348929502000033,5814.571521758000017,0.968146550424310,0.031833271205200,0.027014402999390,0.079028732216650,0.000000000000100,0.999989943345670,0.674012878340360,0.986000474999590,0.000007527919280,0.000000100041900,0.085572668366370,0.014021915915870,0.644181280343680,0.259229325907700,0.385903787495170,0.000014298693560,0.000287215162260,0.237846142809430,0.000899255583110,0.300851953339360,0.728446407875290,0.901019625436920,0.253156949353810,0.239043177509920,0.868940626455010,0.050663373850270,0.630400327803220,0.023033603314500,0.000287227690370,0.059253144649600,0.229702700898930,0.146192901112170,0.043702826019270,0.969960018312520,0.145221157424210,0.335123009545930,0.922135451170540,0.077865037880770,0.051961398478230,0.003787396133480,0.000277192569060,0.713293730630210,0.636397296548080,0.000040744953620,0.000002685577040,0.000002373619450,0.239016974259660,0.000998525249430
