delta_0,gamma_0,eps_0,r_0,x0_infect_0,beta0_0,beta1_0,beta2_0,beta3_0,beta4_0,beta5_0,beta6_0,delta_1,gamma_1,eps_1,r_1,x0_infect_1,beta0_1,beta1_1,beta2_1,beta3_1,beta4_1,beta5_1,beta6_1,delta_2,gamma_2,eps_2,r_2,x0_infect_2,beta0_2,beta1_2,beta2_2,beta3_2,beta4_2,beta5_2,beta6_2,delta_3,gamma_3,eps_3,r_3,x0_infect_3,beta0_3,beta1_3,beta2_3,beta3_3,beta4_3,beta5_3,beta6_3
0.000124395409006,0.466098019091711,0.476857365333489,0.005996708527995,0.000165498959533,0.140941741451707,0.124901274698934,0.140941741451707,0.140941741451707,0.139041393423406,0.155511978911158,0.150884680230645,0.000737143680725,0.644521341620115,0.218973608106447,0.00418534136141,0.000006588104343,0.230756360339315,0.166838935032049,0.230756360339315,0.230756360339315,0.193688237706427,0.199273239805774,0.206764480566718,0.005393806144404,0.60609417859879,0.064041880347845,0.003706287540705,0.000000960810303,0.239228250993788,0.141924627679543,0.239228250993788,0.239228250993788,0.16366074550334,0.172614002992446,0.164848742836082,0.006008312488059,0.285839115330723,0.025042032204764,0.03759252236785,0.000002168763672,0.478742411438985,0.185410387398872,0.478742411438985,0.478742411438985,0.246713879535324,0.281816083761526,0.241134698862006
0.00011282830076,0.451232502623579,0.477646806576694,0.008734099890958,0.000163017479885,0.138121128511933,0.122689048176746,0.138121128511933,0.138121128511933,0.137828464454769,0.152358782633052,0.155814980142968,0.00075716598716,0.645169795753306,0.200700340056235,0.002586813124324,0.000007102312826,0.229886295427089,0.167373752358733,0.229886295427089,0.229886295427089,0.195655859651124,0.198309760884188,0.2049796963172,0.005392950539212,0.606584711175393,0.064680710532099,0.004535744056563,0.000000967410252,0.239190906862065,0.141945602955578,0.239190906862065,0.239190906862065,0.163286355462688,0.172132629165274,0.165500194065665,0.006087894996676,0.285720992152022,0.025389101502983,0.036400492179186,0.000002136255135,0.479475089987724,0.18520709136369,0.479475089987724,0.479475089987724,0.246883543672497,0.281351837197811,0.242201994455834
0.000101059956091,0.452161718597024,0.481237648212009,0.005973744301397,0.000166594742582,0.139073149311246,0.119398388401603,0.139073149311246,0.139073149311246,0.134379580333992,0.149409793244344,0.155815502321247,0.000750577181865,0.645836935180662,0.199837505748841,0.003016682436728,0.000008173156,0.227531834581875,0.168535387613109,0.227531834581875,0.227531834581875,0.193968178879132,0.202324147147647,0.20689565446362,0.005491123197134,0.608576561884657,0.06606259444174,0.003924870752275,0.000000977774544,0.239424674805328,0.141923801721372,0.239424674805328,0.239424674805328,0.16469663225548,0.171387292454354,0.165414788927929,0.006249867918989,0.287033099100612,0.025535254639398,0.037241493254348,0.000002156286366,0.479739131325309,0.184890416140125,0.479739131325309,0.479739131325309,0.246865444025162,0.282565280127115,0.241004947165548
0.000095480994244,0.443590193666676,0.473445233063306,0.002330582710619,0.00017038488908,0.138832520965966,0.119732580118319,0.138832520965966,0.138832520965966,0.142142945517615,0.145317585116604,0.152998865620084,0.000795754572085,0.650912590993597,0.175615891406716,0.002488495361402,0.00000855088104,0.227616605212506,0.168222962038833,0.227616605212506,0.227616605212506,0.194464327961374,0.199352830500847,0.205732046379087,0.00520610326475,0.608322886289657,0.071877735949658,0.004029354667085,0.00000098062318,0.239168795445982,0.142957331940567,0.239168795445982,0.239168795445982,0.165119174812736,0.173392932410378,0.166663792277432,0.006063025623275,0.285739506919997,0.024839986050358,0.037214680972925,0.000002151358768,0.478532728388583,0.185086900783196,0.478532728388583,0.478532728388583,0.249574803351663,0.279831854604854,0.241995402814401
0.00011272187786,0.454722016849573,0.48528246496258,0.003730447660509,0.000171300127199,0.142886123061851,0.121458761854222,0.142886123061851,0.142886123061851,0.143082076500669,0.154828638621692,0.156019659479722,0.00077479483649,0.647355883064788,0.165205152275893,0.002651118402967,0.000007123680079,0.229280534256112,0.168156537302237,0.229280534256112,0.229280534256112,0.193046284289602,0.20023585785057,0.205788250778753,0.005186852985942,0.606988064181424,0.070607136791721,0.004526257276864,0.000000979604976,0.238866572516787,0.1427995662969,0.238866572516787,0.238866572516787,0.163342019976144,0.17337687615962,0.1659201017814,0.006113174290991,0.286277642021745,0.025097181320658,0.036594262014044,0.000002164453339,0.479130288216033,0.184724214818659,0.479130288216033,0.479130288216033,0.247116380489233,0.281946906354777,0.241123311627279
0.000131735677076,0.46273529037438,0.50170385525285,0.005950088672681,0.0001722002511,0.139369689198513,0.120292729853722,0.139369689198513,0.139369689198513,0.141106891044219,0.147445301062744,0.15364423749189,0.000744735335766,0.647574403975157,0.176388291926329,0.00294851605104,0.000007155140669,0.231823902827352,0.167646743431919,0.231823902827352,0.231823902827352,0.195004021744617,0.200967972322928,0.207538313306992,0.005340136953705,0.60870443386602,0.07434978443074,0.003973061516957,0.000000988979506,0.239136836856782,0.142765380193613,0.239136836856782,0.239136836856782,0.164006618286295,0.173173031105094,0.165793940283532,0.006370027756608,0.28754011415789,0.023830560183432,0.035847839596089,0.00000219173074,0.478767279801194,0.185471362352308,0.478767279801194,0.478767279801194,0.248557814546394,0.280607228892543,0.241554581388446
0.000128714792874,0.463673841329309,0.501108453705452,0.004325291264935,0.000169917527722,0.141931364041388,0.12155873939538,0.141931364041388,0.141931364041388,0.142016463967965,0.150818765571505,0.149113540347992,0.000710588984901,0.64210759788062,0.185736015816457,0.001585475530064,0.000008242206764,0.228675837989283,0.167336837652733,0.228675837989283,0.228675837989283,0.195241418219038,0.201562941965945,0.21083752878489,0.005360260403934,0.607413088340479,0.072716035471994,0.004385647905148,0.000000976066546,0.239169739418735,0.14239640200862,0.239169739418735,0.239169739418735,0.162955928951161,0.172967964763125,0.165875878725845,0.006133956541873,0.286627181675019,0.023373976313291,0.035566870212389,0.000002212750001,0.478485352646776,0.185019733342344,0.478485352646776,0.478485352646776,0.248165045131973,0.280948117375339,0.242119564847769
0.000143816800695,0.466228712657715,0.515490955812024,0.006274003134167,0.000166735877633,0.139940853311478,0.125716552675555,0.139940853311478,0.139940853311478,0.142848458329148,0.148704423845257,0.150130489728819,0.00067921618651,0.639887659273159,0.184473274653504,0.002856568890869,0.000009088565154,0.226494657398599,0.166991155085838,0.226494657398599,0.226494657398599,0.19500670080127,0.202376428996796,0.210816641542998,0.005514437555835,0.608255985446633,0.064825124749371,0.004041161011451,0.000000971026489,0.239148897962279,0.142532996260561,0.239148897962279,0.239148897962279,0.163902582783027,0.172751570452686,0.165074645983468,0.006020844577223,0.286289019632144,0.025221334341763,0.037483903699158,0.000002197695669,0.478160921158988,0.18595068488028,0.478160921158988,0.478160921158988,0.247011061504007,0.281702493773511,0.243153803352813
0.00016108839251,0.459676808994777,0.511093291012189,0.002978523960703,0.000169086784091,0.137580682097143,0.122135464055445,0.137580682097143,0.137580682097143,0.138851922838247,0.146716772793443,0.144643795159833,0.000644201868779,0.639709316244749,0.194461149533334,0.002991663805972,0.000011531627113,0.222005397281449,0.168976689736252,0.222005397281449,0.222005397281449,0.193353079141022,0.20543800873675,0.215218411146703,0.005397012654013,0.60748049482811,0.068224929189108,0.004233481390077,0.000000987397136,0.238829804637076,0.142302399970739,0.238829804637076,0.238829804637076,0.165114631150175,0.172064447487276,0.165019537333603,0.006084164743807,0.287777245230652,0.024842249745094,0.037525795906131,0.000002198472235,0.478950719196329,0.186509573658639,0.478950719196329,0.478950719196329,0.247695977160296,0.283399618798677,0.243401710265446
0.000142655116816,0.46700844021712,0.491820233088904,0.001775253988587,0.000168599259624,0.140983798458621,0.121633333143282,0.140983798458621,0.140983798458621,0.137105324743149,0.15218289498716,0.150202207585191,0.000558017998145,0.638479159720231,0.18335124838366,0.002140073584916,0.000012870498027,0.220805565202683,0.169745078470394,0.220805565202683,0.220805565202683,0.197456116071618,0.209883936606758,0.224625152112261,0.005352592403321,0.607295567451837,0.063095394431814,0.003758772724712,0.000001004798586,0.238477205207124,0.142668389484387,0.238477205207124,0.238477205207124,0.164577608937209,0.172329474222247,0.165766040060071,0.006187646442493,0.289264399850546,0.02575389950759,0.039181265878918,0.000002265105844,0.478458918354726,0.187560766721552,0.478458918354726,0.478458918354726,0.249680747497066,0.284503646595632,0.244455951168573
0.000150932038979,0.473252082407392,0.479184462375714,0.005753629781064,0.000168371567228,0.135783423624936,0.126818304047017,0.135783423624936,0.135783423624936,0.146485676098021,0.149428753255868,0.146294667352965,0.000617644290813,0.643564355451471,0.176807113518824,0.00284773497327,0.000013999548652,0.22143292114384,0.16934857850356,0.22143292114384,0.22143292114384,0.20147885562471,0.204928582844565,0.219780895614578,0.005346699061627,0.607069915506085,0.067762959609605,0.003965454879267,0.000001009988464,0.238368730770901,0.142562205892311,0.238368730770901,0.238368730770901,0.164571899471526,0.17242150541817,0.165903552888579,0.006287863537314,0.288478454251243,0.026293131892335,0.036706115085711,0.000002301846818,0.477128290057289,0.187184923719304,0.477128290057289,0.477128290057289,0.249700107079331,0.2835594295478,0.243761817483686
0.000170543156927,0.469203211934993,0.477581929654681,0.006894749683362,0.000165604143355,0.138374507211554,0.124113013850728,0.138374507211554,0.138374507211554,0.140857461843988,0.149980647983647,0.143956846692857,0.000603355031704,0.643803775688759,0.176503204177224,0.003851226982299,0.000014268631281,0.221418354507903,0.171227169979949,0.221418354507903,0.221418354507903,0.200284574600494,0.209774272824267,0.223447824875229,0.005336731358449,0.606831699828413,0.074491110685997,0.004520882050001,0.000000999950535,0.238609735510178,0.142473655635884,0.238609735510178,0.238609735510178,0.164934787416601,0.172491871003359,0.166010015964749,0.006300459456496,0.289333135669292,0.025561465028957,0.036763618377467,0.000002312324627,0.476882713248907,0.187897965459465,0.476882713248907,0.476882713248907,0.252537280518519,0.281068926314321,0.244337464674296
0.000146801191822,0.475385323816386,0.46169780742184,0.002601168473811,0.000164896274677,0.141576047401402,0.128446965013,0.141576047401402,0.141576047401402,0.147060121121335,0.154468360132444,0.153521681330856,0.000600492965531,0.649003662081031,0.172499990082512,0.002267806102949,0.000015730792741,0.220763565028132,0.172292658893309,0.220763565028132,0.220763565028132,0.201237824777294,0.209660582537606,0.221728648063111,0.005229573999047,0.606301514989294,0.06781467811136,0.004266220292298,0.000000992238361,0.238532395146026,0.142395598282842,0.238532395146026,0.238532395146026,0.16412550952397,0.172126133930748,0.166025038922923,0.006050101897126,0.289262159829797,0.025354921820405,0.03708938315846,0.000002321986494,0.476737811803545,0.189061602594311,0.476737811803545,0.476737811803545,0.250648064240201,0.285864391983994,0.244679823183073
0.000131208239231,0.473519837948106,0.485190651221356,0.005151493956489,0.000170521331307,0.141200264408009,0.12772244083816,0.141200264408009,0.141200264408009,0.14342906389871,0.157050710259944,0.155971572359468,0.000643070001947,0.649333362083909,0.164007871309593,0.002602623530751,0.000017059265648,0.219629443500915,0.172040536484898,0.219629443500915,0.219629443500915,0.20296260659518,0.209302357799194,0.219081884139676,0.005311584921787,0.605899973349672,0.063162422920945,0.003862849063306,0.000000986273943,0.238443530322108,0.142303715594668,0.238443530322108,0.238443530322108,0.163521560289503,0.17310196931951,0.164940668117139,0.006269800074002,0.289843501824827,0.024475587576763,0.036998094327745,0.00000229294485,0.477685494881586,0.187432925157112,0.477685494881586,0.477685494881586,0.252150479780039,0.282837548090978,0.243924959658356
0.000147654394201,0.47056706563777,0.477335038114621,0.011238847469544,0.000168153589614,0.141694123635386,0.124708588093848,0.141694123635386,0.141694123635386,0.145810078526901,0.150696482976345,0.152035612207856,0.000587832892818,0.652054244094635,0.187006532029178,0.004573675387789,0.000017109122737,0.219989766229784,0.171836277408236,0.219989766229784,0.219989766229784,0.200547159282175,0.208345325549555,0.222305764460009,0.005132118135493,0.605334368949745,0.068934538392342,0.00389414693641,0.000000982191298,0.23851206648625,0.142318162617035,0.23851206648625,0.23851206648625,0.164665791408859,0.171940751392272,0.165997485757593,0.006235396513241,0.290117838643636,0.024693290084583,0.036344363531192,0.000002272786987,0.47864589896675,0.188207076304693,0.47864589896675,0.47864589896675,0.250215061581723,0.285556746963258,0.243968533836153
0.000168279752216,0.474166087382347,0.469615331838278,0.004826813718103,0.000173108374274,0.139076438617435,0.127280974628336,0.139076438617435,0.139076438617435,0.144259311024764,0.151881173252682,0.151340724184027,0.000674718398058,0.648928605319271,0.192117656505271,0.003242837944793,0.000017538107877,0.21944804211603,0.171642987624825,0.21944804211603,0.21944804211603,0.200744106525479,0.208078426833286,0.220801010407715,0.005079891830577,0.605577780363035,0.074922761198668,0.004420959231638,0.000000991647938,0.23832450470079,0.142428106687537,0.23832450470079,0.23832450470079,0.16372296693448,0.173244187090787,0.165561046122325,0.006213525374837,0.290718547849833,0.025285182938377,0.037238774524894,0.000002298829062,0.478251402016872,0.188469130921944,0.478251402016872,0.478251402016872,0.249352777234607,0.284247476039732,0.245240203634381
0.00015065796606,0.477418064849504,0.479723853771078,0.006691015718837,0.000171737606361,0.144196985116489,0.124063418730861,0.144196985116489,0.144196985116489,0.143473306513568,0.153636330733473,0.14877751771677,0.000643803053748,0.645867408863979,0.198397215841139,0.003199215868648,0.000014769849365,0.220049299452656,0.171350911949195,0.220049299452656,0.220049299452656,0.201366649168979,0.207376926406718,0.219067877794906,0.005241305161208,0.606287660380037,0.076906801346094,0.004772137838329,0.000000976195317,0.238800799377234,0.142250117499132,0.238800799377234,0.238800799377234,0.162945876057375,0.172451510575649,0.165028721112944,0.006146199256999,0.289024487344301,0.025329181223986,0.037260281696871,0.000002320028775,0.4772399385755,0.187881387915072,0.4772399385755,0.4772399385755,0.2503680192395,0.283579325096185,0.244408020922331
0.000151199326485,0.478880272212127,0.488621281750663,0.012045198888884,0.000173323090154,0.139460191908316,0.127352814341717,0.139460191908316,0.139460191908316,0.145150167849226,0.149361759740794,0.153087956708814,0.000655513850824,0.640709667449464,0.204141683394641,0.003783128781747,0.000011360365525,0.222653743810884,0.169483594528387,0.222653743810884,0.222653743810884,0.199586030520013,0.204051197160815,0.214799195972229,0.005024623616044,0.604987914612322,0.064375769604341,0.003612956911614,0.000000937078274,0.239050435192411,0.142649037739263,0.239050435192411,0.239050435192411,0.163469924362434,0.172327592516374,0.166766216496954,0.006343875555932,0.290417252702843,0.025344241309795,0.037455850640622,0.000002315683119,0.478414479905698,0.187322519015031,0.478414479905698,0.478414479905698,0.251447069356057,0.282768060460779,0.244562044302747
0.000141065317426,0.466854317957234,0.500396460849013,0.007915847499445,0.000173815928542,0.137055527046074,0.124854886216694,0.137055527046074,0.137055527046074,0.137436641853691,0.152750789412552,0.148515800753618,0.000652710373796,0.635835659572375,0.212780147381854,0.003807573019223,0.000011210191759,0.223541884555735,0.16785326771813,0.223541884555735,0.223541884555735,0.197754890881603,0.204923727704232,0.216044189581299,0.005253884301413,0.606242732379632,0.060533162865861,0.003695469569798,0.000000943718682,0.239388855709189,0.142463521135311,0.239388855709189,0.239388855709189,0.164031027998195,0.172824850705036,0.165434430180134,0.006162610500521,0.291617416248519,0.025790270010455,0.037926260276906,0.000002338008714,0.478289623796603,0.189514776962117,0.478289623796603,0.478289623796603,0.250921559513767,0.28652490135536,0.246460535539302
0.00014835895811,0.47582875897001,0.506655470735515,0.002995817984172,0.000173221994725,0.143181908208237,0.124677018139203,0.143181908208237,0.143181908208237,0.139831737980751,0.153969072535401,0.151846529451135,0.000610596049603,0.637183106424555,0.201836781575303,0.00270199031325,0.000008486177203,0.22714320429192,0.168353250437445,0.22714320429192,0.22714320429192,0.196307992027002,0.205708241364481,0.218007170361068,0.005063762688928,0.608520566150668,0.071588861341053,0.004272554097525,0.000000980877364,0.239107773078411,0.143184889886527,0.239107773078411,0.239107773078411,0.164944996352696,0.173321247207304,0.167197283401942,0.006225657895947,0.291746382521156,0.026392394416184,0.037679364227093,0.000002343776763,0.478451386865104,0.189133060473811,0.478451386865104,0.478451386865104,0.251263797132485,0.287195305587158,0.246141276896409
0.000146117683397,0.483679964268791,0.524193973529976,0.003797262148508,0.000174485277177,0.145520255624925,0.127069744552645,0.145520255624925,0.145520255624925,0.144563582269397,0.155018036794379,0.152262833054017,0.000634358140579,0.643221094275926,0.206429142317893,0.002158749620477,0.000009445879988,0.226289204445365,0.169034100822249,0.226289204445365,0.226289204445365,0.195790615563639,0.204569614746771,0.215957248470295,0.005199948768913,0.609135918454075,0.061327250178214,0.003710972237544,0.000000999962162,0.239100333968339,0.1429930459079,0.239100333968339,0.239100333968339,0.164531677283659,0.173116747009763,0.166719661179467,0.00621004013963,0.291467895756942,0.025464283513403,0.036483374766116,0.000002349369709,0.478008340727024,0.189138394403112,0.478008340727024,0.478008340727024,0.24894389438666,0.286555308511595,0.246357941520655
0.000177764244717,0.490610421129296,0.526605220557964,0.004731457987342,0.000172872307451,0.145142317708851,0.130108324122792,0.145142317708851,0.145142317708851,0.152101394687607,0.15647663220044,0.15114399970224,0.000684766046256,0.643733623792518,0.203272040680526,0.002788484344002,0.000009627029648,0.225691680256427,0.167875553669367,0.225691680256427,0.225691680256427,0.192943105203053,0.201052328609233,0.211129129239789,0.005284883869195,0.609228633883344,0.074876810829458,0.004054545011906,0.000000992447407,0.239152843795965,0.143296423469734,0.239152843795965,0.239152843795965,0.163945635318299,0.174091784617571,0.167222445121356,0.00622605342393,0.291135540849235,0.025347700902721,0.037684895463849,0.000002368577448,0.477714242231734,0.188278071964139,0.477714242231734,0.477714242231734,0.250240803698759,0.285837976308492,0.244803213103891
0.000227501170517,0.489477810114356,0.529676055614659,0.005284305382513,0.000174075089151,0.142010409436883,0.129348379600268,0.142010409436883,0.142010409436883,0.149895775179322,0.154262903604462,0.145714596250965,0.000709999953654,0.65050000355408,0.197335461015431,0.003192178175943,0.000010109543277,0.226327745645879,0.170231447638856,0.226327745645879,0.226327745645879,0.19707436712507,0.204043984284691,0.21269009344268,0.005095518758471,0.608501131651577,0.061066871602918,0.003628494747919,0.000000997227954,0.238734951753591,0.143435575359423,0.238734951753591,0.238734951753591,0.164242554729794,0.17376035756414,0.167645553130603,0.006290352647027,0.291446346426657,0.024499585960742,0.036895382308829,0.000002348055726,0.477159366787411,0.189591306209172,0.477159366787411,0.477159366787411,0.2539125382573,0.284379951778171,0.24534351406677
0.00021825327112,0.477431912877974,0.516904504253138,0.007130679803629,0.000171392712096,0.14260379639093,0.122696081020314,0.14260379639093,0.14260379639093,0.140627376344219,0.150124935282588,0.146368385674902,0.000671268495239,0.648981324018811,0.211537308886393,0.003617736636675,0.000010002364757,0.226314094897297,0.171720138250122,0.226314094897297,0.226314094897297,0.198547798121622,0.208104765713543,0.215403803085527,0.005212404641937,0.60879206536252,0.064890847292455,0.003610883416073,0.000000970313348,0.239292788449173,0.143245918959741,0.239292788449173,0.239292788449173,0.164509923942265,0.173206917808661,0.167124657560557,0.006193799708747,0.292146280227093,0.026303414188397,0.037142989843193,0.000002293681249,0.479163907692538,0.190458744767748,0.479163907692538,0.479163907692538,0.253854503203323,0.286195206476797,0.248570199128836
0.000158978585808,0.480609186664088,0.50569261276932,0.013872837031657,0.0001710068199,0.144421598754495,0.127380145220555,0.144421598754495,0.144421598754495,0.143550088200537,0.155304301240434,0.15240129375377,0.00070668506337,0.651629188162395,0.211064297929999,0.002707024274673,0.000008420427252,0.231169980801355,0.168939645630399,0.231169980801355,0.231169980801355,0.196474828151346,0.204398117058776,0.21445041120848,0.005275412238669,0.608915673232213,0.070855158111956,0.004223945211665,0.000000965571702,0.239616573898362,0.14298656391222,0.239616573898362,0.239616573898362,0.16368602820585,0.172984282984766,0.166615646766669,0.006302347996874,0.291794307868757,0.025248948081519,0.036238131078261,0.000002265635332,0.479710061437483,0.189392843526423,0.479710061437483,0.479710061437483,0.252844744867411,0.284765765573931,0.246254566988478
0.000165242907751,0.494897171363428,0.499988999214886,0.004248538695548,0.000163131272737,0.145569975685982,0.131079681964385,0.145569975685982,0.145569975685982,0.146674578891777,0.157589710980862,0.154660843491942,0.000689680869132,0.645646069481455,0.218547536595169,0.003401500521415,0.000009356533991,0.228978705781331,0.168561827392812,0.228978705781331,0.228978705781331,0.197705181177005,0.203856820993727,0.213116609992488,0.005270041569985,0.605996997325304,0.063559278653521,0.004061120909627,0.000000954556519,0.238982452594306,0.142858133154646,0.238982452594306,0.238982452594306,0.163952138762434,0.172838396240861,0.166276948418378,0.00630076824828,0.291098705312107,0.024749736497885,0.036188863934613,0.000002274790849,0.479154639653733,0.188497769528705,0.479154639653733,0.479154639653733,0.25189168832153,0.285270796779394,0.245044313144945
0.000146150721716,0.493480300125012,0.4818246109634,0.00274058430696,0.000165782152378,0.145986844740857,0.132273303270188,0.145986844740857,0.145986844740857,0.147432591563232,0.16089690033913,0.15801550350342,0.000701549599977,0.643570227842975,0.225674813832058,0.004264562062725,0.000010560216699,0.226659472377329,0.166952340453492,0.226659472377329,0.226659472377329,0.19550604724613,0.203705812700519,0.210495209538968,0.00516278961381,0.604115804532391,0.065293904828398,0.004154590425094,0.000000936091232,0.238943061827231,0.142028836976351,0.238943061827231,0.238943061827231,0.162597678273695,0.172361179405695,0.165073923118081,0.006370011132118,0.290860566569378,0.025621755205828,0.035592245625134,0.000002289498593,0.479182059145512,0.188679486578085,0.479182059145512,0.479182059145512,0.253466833815922,0.283420235588025,0.246009350048714
0.000158384093055,0.478533438246242,0.462338868804332,0.004086940187478,0.000165380795782,0.144144196633463,0.128322386525069,0.144144196633463,0.144144196633463,0.150213922301623,0.150366618341136,0.153772377595531,0.000685490956808,0.639819412795662,0.247874744139228,0.005763828367237,0.000010050008556,0.224053081779912,0.166753295486948,0.224053081779912,0.224053081779912,0.193323207596369,0.201421254360975,0.20916635875756,0.005369090404491,0.604627417740544,0.068225385207226,0.00380585676109,0.000000935905685,0.238876813729009,0.14199014925097,0.238876813729009,0.238876813729009,0.162175506981004,0.172011535594223,0.164528955496805,0.006067132161476,0.291012856767995,0.024353131784874,0.036234290644531,0.000002280272273,0.479073066885852,0.189530516634474,0.479073066885852,0.479073066885852,0.251445527158873,0.286341879554427,0.246264695107821
0.000146943713264,0.472393508001812,0.460835751529761,0.001410844216341,0.00016470485306,0.139794556948365,0.125427976483253,0.139794556948365,0.139794556948365,0.143619159296625,0.153368669923883,0.148069636207744,0.000679898168539,0.626939498787286,0.252656667944782,0.003604036501986,0.000010867495666,0.222059187667079,0.164964944015542,0.222059187667079,0.222059187667079,0.191968946961975,0.201307583423429,0.207001383092328,0.00552466280277,0.604871149235692,0.082409238367045,0.004458156205457,0.000000937689747,0.239199451785194,0.141937568459936,0.239199451785194,0.239199451785194,0.163749790627647,0.172337550710164,0.164165054591751,0.006251944786204,0.290628927598988,0.024475393624743,0.035455313906115,0.000002298935176,0.47895936023612,0.187714976716109,0.47895936023612,0.47895936023612,0.250262264007657,0.28462166469546,0.244980186041453
0.000137865792743,0.47345561539404,0.461388095604629,0.007738563198885,0.000165438973206,0.136005558203114,0.127198940702881,0.136005558203114,0.136005558203114,0.145580779752808,0.149584090115516,0.152078631861618,0.000691053751303,0.636479259000206,0.248297126683996,0.003555335274967,0.000012607521484,0.223213147599315,0.166255821345617,0.223213147599315,0.223213147599315,0.19476289072043,0.203470284072629,0.208387227062907,0.005346922571075,0.60733137409639,0.078154398806173,0.004631728635198,0.000000962577797,0.239210473955569,0.142512252699486,0.239210473955569,0.239210473955569,0.16355315729362,0.172852098722211,0.165588585538604,0.006248155371009,0.290040716965754,0.024978964271811,0.035433715108062,0.000002293420138,0.478146998635775,0.1881144527082,0.478146998635775,0.478146998635775,0.250690880417214,0.284094535423717,0.244501188068658
0.000169276936166,0.466155923902451,0.479870841841644,0.002474751453063,0.000168334541793,0.139737089596954,0.122959261837386,0.139737089596954,0.139737089596954,0.14378110386296,0.148519395150638,0.147083686702628,0.000709051250329,0.634378974930876,0.248217616906382,0.003150825163082,0.000011467081208,0.220170143023843,0.165144105325737,0.220170143023843,0.220170143023843,0.190236823131429,0.198021386584152,0.203776351900505,0.005299931194591,0.606882749439097,0.061263050437275,0.003881042560731,0.000000959995148,0.239342149535712,0.14237374795796,0.239342149535712,0.239342149535712,0.164090494073592,0.172512570030152,0.166224834724104,0.006159321922962,0.290665986015909,0.024112859998201,0.037729579227912,0.000002322353188,0.478271891491347,0.188265674488139,0.478271891491347,0.478271891491347,0.251559477609024,0.283405823003259,0.246061438185592
0.000129153297388,0.454497480203311,0.497641897887585,0.002614408069689,0.00016609698802,0.13865564460049,0.122047884816599,0.13865564460049,0.13865564460049,0.138778378305401,0.149058414946657,0.146687716460894,0.000658024391782,0.625797389089766,0.252896476030671,0.004773907043224,0.000011005508811,0.220632417043948,0.163998910135071,0.220632417043948,0.220632417043948,0.188885520836492,0.200536937154443,0.207490919015437,0.005419551835529,0.607803133996059,0.070872597132445,0.004107072548555,0.00000096526511,0.239274935167695,0.142615182578056,0.239274935167695,0.239274935167695,0.164299841678737,0.172305497207079,0.16576576863283,0.00612879014949,0.291443331536512,0.027217057561632,0.038092045744947,0.000002361203078,0.477415658402529,0.190484319737813,0.477415658402529,0.477415658402529,0.253388595320822,0.285760605759246,0.247130325431835
0.0001130731332,0.444565541231302,0.494852656506982,0.004283745747487,0.000168066172908,0.137266995695245,0.120652603225104,0.137266995695245,0.137266995695245,0.138841431497061,0.149404908838662,0.15712008695506,0.000607610187849,0.623580416850904,0.260167572361208,0.005339704254763,0.000010613356731,0.2193764960366,0.164647453250567,0.2193764960366,0.2193764960366,0.190905264069369,0.199817361773768,0.209772273768117,0.005151586686099,0.605667285934321,0.070184880039691,0.003967425919219,0.000000958862385,0.238871930003049,0.142768423753348,0.238871930003049,0.238871930003049,0.165312072291311,0.172554619269015,0.16676351442457,0.006207295877964,0.29212180795335,0.025318786833793,0.037538500429934,0.000002384391168,0.47779625355857,0.189689790702111,0.47779625355857,0.47779625355857,0.252589468355036,0.285685187683424,0.246779207898119
0.00010553607931,0.449210901034556,0.492021151951504,0.001248121359662,0.000158973218193,0.140516516376485,0.117436194021998,0.140516516376485,0.140516516376485,0.137340637544094,0.14676431434639,0.153461187031323,0.000676888029321,0.626697043072663,0.262293596458395,0.004439757652719,0.000009994950304,0.221214154211084,0.16328672506142,0.221214154211084,0.221214154211084,0.186949637148782,0.197219008173606,0.204564003769213,0.005223329915294,0.605878272957246,0.063925587850082,0.003851731603537,0.000000964611396,0.239023942872751,0.142088780415368,0.239023942872751,0.239023942872751,0.165042723488664,0.171692012397545,0.165694143910163,0.006303827322413,0.292438352109388,0.024906281658011,0.036121406821528,0.000002393204794,0.477563852929687,0.189041801748403,0.477563852929687,0.477563852929687,0.253366122559996,0.285603884426606,0.245857035779046
0.00010553607931,0.444353346677369,0.483304563832059,0.000789265385835,0.0001575577178,0.138154174051711,0.121951221755667,0.138154174051711,0.138154174051711,0.141064716628714,0.149261040031233,0.152554681234157,0.00068681510834,0.632750582836653,0.264205404559785,0.005121578011003,0.000011093039529,0.219885834903469,0.164743895957799,0.219885834903469,0.219885834903469,0.190295415653014,0.198241678742637,0.207921098384558,0.005135131667626,0.606614361548443,0.070437528863041,0.004313182897239,0.000000973988233,0.238807759710741,0.142877724490829,0.238807759710741,0.238807759710741,0.165328408521056,0.1722123940219,0.166862459981104,0.00643544513708,0.293072688593703,0.024197458779396,0.036329411743986,0.000002424026002,0.477603501604283,0.189270601438082,0.477603501604283,0.477603501604283,0.253220395099401,0.284697205238924,0.246632840047874
0.000105148842142,0.449174190897543,0.48504724599954,0.002352662484637,0.000156056540794,0.13908974134983,0.12044791160396,0.13908974134983,0.13908974134983,0.140088102159074,0.150180327070395,0.154023406634262,0.000700449349953,0.63007615932236,0.262183209274729,0.002934978814033,0.00001183663287,0.219563474284401,0.16411916135984,0.219563474284401,0.219563474284401,0.188601163951225,0.198423819202713,0.205254553851457,0.005052122213424,0.606108785465087,0.064090122197047,0.004277616347353,0.00000097205095,0.238814348314594,0.142540962121202,0.238814348314594,0.238814348314594,0.163206464995924,0.172916295223413,0.166468201968477,0.006299622264084,0.291533489798123,0.025597981294063,0.03662353049048,0.000002429924989,0.476038728356006,0.189045933705447,0.476038728356006,0.476038728356006,0.252140531906798,0.28494181286018,0.24540108588491
0.000099144259843,0.440235649021489,0.480359540272166,0.006118364227418,0.000158609790098,0.137389558228971,0.118849062280476,0.137389558228971,0.137389558228971,0.137975846512376,0.148132158583056,0.151312126626241,0.00064335764445,0.630764404584815,0.265890788824454,0.004006896865099,0.000011349182434,0.219928432553118,0.165583622658363,0.219928432553118,0.219928432553118,0.192429858926243,0.200200615668011,0.209485842274372,0.005157024891641,0.606367253915019,0.066470147428856,0.003699180263272,0.000000963805174,0.238770491571359,0.143033012932182,0.238770491571359,0.238770491571359,0.164053400235703,0.173779119938194,0.16636503596344,0.006294458676068,0.290668577967315,0.02627081284767,0.036053880565581,0.000002408183833,0.476407754182389,0.188946108906585,0.476407754182389,0.476407754182389,0.251548823816258,0.284907736581754,0.246474947564847
0.000107173803579,0.453888679787866,0.468540358187834,0.013653454475701,0.000165886406359,0.137075689459577,0.125429145220246,0.137075689459577,0.137075689459577,0.144987469450985,0.151523812847924,0.160109445721423,0.000653592954837,0.633448375774025,0.24933328300747,0.004164942575509,0.000010140641844,0.222684200705458,0.166239767649271,0.222684200705458,0.222684200705458,0.196389056218957,0.199607236500358,0.210771306670037,0.005352241026688,0.609885198281538,0.074504299078662,0.004328191439197,0.000000963260705,0.239042345418649,0.143398404041426,0.239042345418649,0.239042345418649,0.163570657492147,0.173590288933144,0.166181359525779,0.006001612713546,0.290062288167539,0.025827614643451,0.036364517326786,0.000002388411118,0.476299620720992,0.188656846479153,0.476299620720992,0.476299620720992,0.254411676270775,0.284955825171957,0.24627621601089
0.000106149867365,0.459392278855154,0.461143090874892,0.011463657620188,0.000165680093091,0.137464380330217,0.128388880309071,0.137464380330217,0.137464380330217,0.150500042728754,0.154358972275909,0.160897553249968,0.000593749936734,0.631749676739805,0.260088103471723,0.00650700283434,0.000009974447517,0.223733266014943,0.166412884472357,0.223733266014943,0.223733266014943,0.1942330303075,0.202716150173497,0.213264876570037,0.005418078858095,0.609324095716254,0.064897287869352,0.003876044445743,0.000000958760684,0.239600884697496,0.142794847382427,0.239600884697496,0.239600884697496,0.163476563828229,0.17309840031057,0.165714698798549,0.006353980530679,0.289839625467117,0.025131806825323,0.036160773496322,0.000002387794506,0.476855063727705,0.187345506146333,0.476855063727705,0.476855063727705,0.250698803153359,0.284574922488458,0.243886783128898
0.000133939519321,0.465726793616165,0.440558101301647,0.003695059046423,0.000161137698959,0.140176381517532,0.123788687405055,0.140176381517532,0.140176381517532,0.144233669169353,0.15343812855251,0.153815692402907,0.000591210881694,0.629793784010175,0.257997192944845,0.003119921199257,0.000011231203994,0.221492701373434,0.165705296965861,0.221492701373434,0.221492701373434,0.195372059690572,0.201648726600953,0.216450592964011,0.005362158341987,0.607850873612969,0.061580453171848,0.003530698308391,0.000000953275964,0.239728557595424,0.142281870635081,0.239728557595424,0.239728557595424,0.16349923803148,0.172888896244917,0.165427919351449,0.006322955029451,0.291615026108722,0.02563508602737,0.035694469120345,0.000002359384567,0.477999738327719,0.188915107882408,0.477999738327719,0.477999738327719,0.252511083793611,0.28518124318444,0.24572144311635
0.000126049858183,0.462555780485608,0.454178469494356,0.003288643480572,0.000159883155923,0.140133058839662,0.124296092968899,0.140133058839662,0.140133058839662,0.143364790640614,0.152243610047269,0.149302691775676,0.000633427316333,0.629211133322859,0.237368933605744,0.003570185902486,0.00001041038059,0.222752678146548,0.164942533735323,0.222752678146548,0.222752678146548,0.194527373731944,0.199993777200736,0.209665805496527,0.005365326479178,0.606560748472038,0.058408229627961,0.003480208742482,0.000000948141083,0.239540629091248,0.14212054093092,0.239540629091248,0.239540629091248,0.163589579353425,0.172085844416505,0.165495456576519,0.006452539254695,0.293362528826447,0.024013825556421,0.035439129889964,0.000002407203418,0.478036888558277,0.189339353502144,0.478036888558277,0.478036888558277,0.253714262168991,0.286521240760166,0.245900685459714
0.000126302163041,0.474727115734895,0.448159288777153,0.007773275192749,0.000159392923814,0.145254913440812,0.125413500788534,0.145254913440812,0.145254913440812,0.145906905105408,0.15450757298856,0.155319079477943,0.000624621991609,0.62169038937484,0.219599948158238,0.002990437605877,0.000009594320409,0.220194789212292,0.163057844566016,0.220194789212292,0.220194789212292,0.189431806494066,0.198153565528389,0.207896404099604,0.005208574248098,0.606674611406592,0.055316022825876,0.003401850148798,0.000000930774718,0.239779446521545,0.142313391814279,0.239779446521545,0.239779446521545,0.162636257822652,0.173479251427489,0.16539459260071,0.006424314115466,0.293256448608027,0.025038098249344,0.037054956805366,0.000002369987098,0.4784393077106,0.189409574409251,0.4784393077106,0.4784393077106,0.254264924717228,0.286171641361651,0.24635610508711
0.000164391277857,0.467110671354673,0.467042294888114,0.010966845275851,0.000161708322608,0.139750451907395,0.12384798340337,0.139750451907395,0.139750451907395,0.141582975930004,0.150476374576389,0.144470882832851,0.00061633162006,0.621748239259478,0.222994252075565,0.004933824766865,0.000009034993741,0.223399441049541,0.162445963781399,0.223399441049541,0.223399441049541,0.191630202387546,0.197604325900253,0.207338127654871,0.005202146548085,0.607018784709311,0.067285568173144,0.00406669427533,0.000000932705151,0.239772191460377,0.142505187201401,0.239772191460377,0.239772191460377,0.163611589951627,0.172979434189883,0.166104417843786,0.006364478938047,0.292140363070131,0.023472234174061,0.035972670376945,0.000002350096501,0.478452043204186,0.188608614880926,0.478452043204186,0.478452043204186,0.254027067183363,0.285711872202334,0.245803582698165
0.000157571960506,0.45291140591757,0.464734200358268,0.008138181849612,0.0001637899956,0.133087389655808,0.121665921631222,0.133087389655808,0.133087389655808,0.134052617009103,0.146226263659915,0.142648372009535,0.000601659747634,0.616430115200795,0.215050626615981,0.00426930189626,0.000006983209409,0.226176055450158,0.16186372344609,0.226176055450158,0.226176055450158,0.191102919808077,0.199146861642579,0.20916738908153,0.005407715709008,0.607629936029747,0.059032167308649,0.003818579630909,0.000000928889163,0.239824280858448,0.142415519974324,0.239824280858448,0.239824280858448,0.164507091226706,0.172537052489353,0.165586435331078,0.006139259763936,0.292861561273722,0.025476761767385,0.03696171843678,0.000002376862084,0.478206856533258,0.190422065712296,0.478206856533258,0.478206856533258,0.255245283049233,0.286267866080917,0.248050108149683
0.000157571960506,0.449386561592218,0.451858538047894,0.007473073342231,0.000165204978504,0.136896765374478,0.119445313080863,0.136896765374478,0.136896765374478,0.141078012962491,0.147010607334132,0.137034877535379,0.000618384515452,0.625663947250917,0.208487982308151,0.004096023101014,0.00000627034525,0.227803126617077,0.164453272480125,0.227803126617077,0.227803126617077,0.191014057166476,0.199505745465042,0.209143314729339,0.00548459583703,0.60760537790442,0.066922689321739,0.00378709190326,0.000000919642403,0.24014340066571,0.142474994828004,0.24014340066571,0.24014340066571,0.165015474864296,0.172670546667009,0.165523400975759,0.00632172269222,0.292006257633054,0.026039799020989,0.036392657917027,0.000002392042862,0.477503708524493,0.189681315003372,0.477503708524493,0.477503708524493,0.2534110725423,0.285844147767063,0.246150469920619
0.000152883463362,0.460408463876482,0.465762432775438,0.006157872769746,0.00016791495967,0.138887834829671,0.120289077546259,0.138887834829671,0.138887834829671,0.134943061245846,0.149524399856058,0.142249706045822,0.000690211390883,0.629923161421257,0.202200983902212,0.002960668137435,0.000006233052121,0.231051862378848,0.16322154060136,0.231051862378848,0.231051862378848,0.192441177857479,0.197519502403223,0.207571073431302,0.005195950973424,0.606654761220159,0.076348041777423,0.004394365219812,0.000000903140522,0.240026387402623,0.142424971168836,0.240026387402623,0.240026387402623,0.163179024644095,0.172482210461022,0.165761298192617,0.006222279309039,0.292630188775336,0.023983587123376,0.035444255081621,0.000002410877837,0.477798401256903,0.18920548087342,0.477798401256903,0.477798401256903,0.253080181943191,0.285972769759803,0.246853432424313
0.000153440258613,0.449441015832415,0.464914518112519,0.013233284548635,0.000166877673224,0.133163568563699,0.118875421145245,0.133163568563699,0.133163568563699,0.134093095906582,0.147012444983443,0.137513478345325,0.000734774308701,0.627921967964809,0.190028073323467,0.00280286963316,0.000004478471409,0.235467246644419,0.163279318361765,0.235467246644419,0.235467246644419,0.192116767815617,0.197359380501724,0.20205897676713,0.005279985352791,0.605748567310128,0.071717351930658,0.004186844014938,0.000000899900158,0.240055106407258,0.142294240017089,0.240055106407258,0.240055106407258,0.164067585840858,0.172916910281017,0.165271335205933,0.006258854189272,0.29278137054012,0.023558165813851,0.035811850483662,0.000002413226939,0.477669985022612,0.189303945002286,0.477669985022612,0.477669985022612,0.253828643692782,0.285533290989731,0.247185034253769
0.000128366345906,0.4393597893122,0.468410933034306,0.004341358203702,0.000162621320144,0.133018175799672,0.116618651613237,0.133018175799672,0.133018175799672,0.131560999067945,0.144156993191075,0.144347723651206,0.000643035421593,0.622808418587188,0.197645628044072,0.003457274157968,0.000004481711055,0.235071039415166,0.16239954859786,0.235071039415166,0.235071039415166,0.193000649707175,0.198185516818855,0.209439150929216,0.005062919057901,0.605300551645016,0.074880974035254,0.004119968577812,0.000000894555343,0.239872552943638,0.142333109761057,0.239872552943638,0.239872552943638,0.163519109867835,0.172745331594464,0.166494307014559,0.006568171845616,0.294567999238194,0.02555308589363,0.03534506457653,0.000002410442653,0.478661294429879,0.190619977616039,0.478661294429879,0.478661294429879,0.255754018432071,0.286963830145481,0.247559801196854
0.000126632009702,0.425883557411082,0.441250159575973,0.001932001734618,0.000164084330084,0.130350566519199,0.113000973844009,0.130350566519199,0.130350566519199,0.131532909309259,0.138323907946148,0.13610033722241,0.000652442004126,0.625852434741369,0.207885432529969,0.003841130450202,0.00000472729062,0.234016043715971,0.163540722720997,0.234016043715971,0.234016043715971,0.191956134484369,0.199556404143343,0.206432931841358,0.005371952454677,0.604312642352303,0.081807714259274,0.004644614483733,0.000000893042626,0.239751844716341,0.1418746867989,0.239751844716341,0.239751844716341,0.163128161045919,0.172106233158267,0.164787428402235,0.006417293140451,0.293920639048945,0.025562916835015,0.0359767302532,0.000002419544806,0.478340614031455,0.190170688382764,0.478340614031455,0.478340614031455,0.253307308187113,0.286775295732343,0.247242987001005
0.000143268872413,0.423303758273858,0.42486562353461,0.006591758551049,0.000162947795585,0.127851699142012,0.11338166910985,0.127851699142012,0.127851699142012,0.135030221673542,0.13830566630337,0.133491983636424,0.000629560228816,0.628025319625761,0.227321571503574,0.003763233554517,0.000005309021478,0.234189167293259,0.164411978980707,0.234189167293259,0.234189167293259,0.193274708574977,0.201834789321101,0.211637003579836,0.005270429436116,0.604133919177756,0.072734357849462,0.004342638996299,0.000000893179647,0.239801750917892,0.14197784348644,0.239801750917892,0.239801750917892,0.16379197573899,0.172051844068127,0.16505883706417,0.006223204219765,0.29350153135705,0.026086315776372,0.037097562565958,0.00000238344187,0.478453836838434,0.190966221683405,0.478453836838434,0.478453836838434,0.253881891276186,0.285835810427063,0.248813272284619
0.000126784428004,0.427604968968371,0.412482033906597,0.001831197033859,0.000162770631818,0.130539132704798,0.113261614732717,0.130539132704798,0.130539132704798,0.134555907106315,0.13590485000959,0.136623718099449,0.000596976302114,0.624671799951434,0.225362476229583,0.003646176057835,0.000004925641297,0.232460191686304,0.163729185494256,0.232460191686304,0.232460191686304,0.191226223232708,0.201122512443649,0.211863369242425,0.005673790641659,0.6076016222243,0.053559158364174,0.003332249830435,0.00000089323687,0.240667506953392,0.142110089044828,0.240667506953392,0.240667506953392,0.163276131919068,0.172632448122877,0.164508073853089,0.006318674768278,0.293383246065876,0.024086390278201,0.036503372396056,0.000002393784542,0.477989292847616,0.190100111697177,0.477989292847616,0.477989292847616,0.253905281185339,0.285788900803051,0.247996113122072
0.000126784428004,0.435551665251698,0.413153500430167,0.001796724636795,0.000159412526289,0.129555914495099,0.116242857500169,0.129555914495099,0.129555914495099,0.135293233164153,0.139469133523915,0.137632206963057,0.000597818616833,0.629829934602365,0.231032629266673,0.004698749693767,0.000004465390299,0.235378623053951,0.164363016882215,0.235378623053951,0.235378623053951,0.189690920048328,0.201929171629159,0.20954679822243,0.005434307135624,0.607542118234778,0.0670005272431,0.004169075744119,0.000000887715817,0.24076929966944,0.142052899448591,0.24076929966944,0.24076929966944,0.164669989940855,0.171755306223621,0.165371222512785,0.006354404673661,0.293335119189022,0.025685411413615,0.036872957510682,0.000002386681077,0.478403768016682,0.190559363038455,0.478403768016682,0.478403768016682,0.254216455309999,0.285861415975183,0.248422496982224
0.000158158241526,0.438844523280289,0.425157859614308,0.010205397340298,0.000163172923224,0.132484412484593,0.116832046266853,0.132484412484593,0.132484412484593,0.136358310110917,0.139258601605338,0.138256917299555,0.000608387339635,0.624631806955863,0.24324950059606,0.003486984460369,0.00000362279478,0.238546135505772,0.163593352355497,0.238546135505772,0.238546135505772,0.195243811545719,0.19960353287135,0.208594103276355,0.005308299594554,0.607228272381705,0.0690132630862,0.004070795577363,0.000000868664693,0.240940025958705,0.142328648081109,0.240940025958705,0.240940025958705,0.164095887129961,0.172259792418872,0.166021652456456,0.006441145684641,0.293948933668939,0.02499403304773,0.036163505708415,0.000002388488532,0.478626146244206,0.191184428981603,0.478626146244206,0.478626146244206,0.251150426008049,0.288624980119796,0.247909126319929
0.000129597260642,0.436709905319332,0.441258106748043,0.006891496820346,0.000160831459165,0.136227399534533,0.116793658496771,0.136227399534533,0.136227399534533,0.139012869442829,0.145063432818468,0.14848295754441,0.000596175051742,0.626297630874859,0.258819455718628,0.004919520425453,0.000003725275026,0.237316503283067,0.164538633362384,0.237316503283067,0.237316503283067,0.190831232600522,0.202790991013314,0.213441748405886,0.005649158116872,0.607225326717808,0.075427102870357,0.004666222200334,0.000000873438255,0.240619744211306,0.14234058994279,0.240619744211306,0.240619744211306,0.163767626054585,0.172414073728321,0.164652965894396,0.006350724575348,0.294439192286659,0.024411753972995,0.036373905150653,0.000002365688383,0.479276244125296,0.191224792372796,0.479276244125296,0.479276244125296,0.252083462077693,0.288071722342201,0.248711681489173
0.000182373143015,0.452545926928892,0.453315548912656,0.010976109109052,0.000159748340581,0.138942587266749,0.114107626286551,0.138942587266749,0.138942587266749,0.134216542449276,0.144029852138224,0.137504734043889,0.000617472981027,0.62523916414538,0.271082946959101,0.002435792861689,0.000003259484225,0.240597343876853,0.163220056136246,0.240597343876853,0.240597343876853,0.192171281351007,0.199945839235454,0.210497628934012,0.005463524337006,0.606899500548399,0.075560667003658,0.004185294637927,0.000000874299833,0.240672089598678,0.142417328360679,0.240672089598678,0.240672089598678,0.16493892010173,0.17238239584791,0.164788355581362,0.006322994282322,0.294901614120164,0.025280986066694,0.036634368747187,0.000002364327924,0.479257590637946,0.192326626653875,0.479257590637946,0.479257590637946,0.251869296627016,0.289124607839085,0.249324394176139
0.000156941041062,0.44662887968554,0.444288138024769,0.010680167413447,0.00016166318977,0.136389611130999,0.117644174121923,0.136389611130999,0.136389611130999,0.138113566030334,0.144534283270864,0.142385752642421,0.000634856261695,0.620625604223861,0.267301257853766,0.008757201531814,0.000003735455514,0.237517635007661,0.160652783527822,0.237517635007661,0.237517635007661,0.185860624550805,0.19850147077923,0.205324043680304,0.005373182116354,0.607062611877788,0.076030491346528,0.004444399829495,0.000000868154332,0.241079624206549,0.142165063492559,0.241079624206549,0.241079624206549,0.163990464455954,0.172539155914512,0.165170506597939,0.006203184937799,0.294618196073378,0.023299076888618,0.03574208889892,0.000002351196025,0.479758916415364,0.191282578795421,0.479758916415364,0.479758916415364,0.251407036282492,0.288964560292274,0.248452786255633
0.000127823307111,0.444341163426791,0.455591627957438,0.004336930179785,0.000163800808021,0.134995275330947,0.118087133665969,0.134995275330947,0.134995275330947,0.134950289270854,0.146540814495727,0.146353900870545,0.000701289140948,0.615911911435407,0.277973210827945,0.003178496641178,0.000003689318531,0.233765030481185,0.159994071543324,0.233765030481185,0.233765030481185,0.186694975766652,0.192780407143359,0.199580876423925,0.005485486647123,0.606269527322916,0.068822581467068,0.004178084314411,0.000000869902398,0.240514801224259,0.142007969090735,0.240514801224259,0.240514801224259,0.163533878575657,0.171713080996661,0.164928798108779,0.006203008551701,0.292955563864731,0.02557441410699,0.037974717738144,0.000002322537551,0.479383712978741,0.190404643288341,0.479383712978741,0.479383712978741,0.251788899647532,0.286728929649636,0.24809059087338
0.000109853304658,0.437523229417054,0.441054482811951,0.004862336280864,0.000162675811768,0.139424410696112,0.116866519963949,0.139424410696112,0.139424410696112,0.138088239941748,0.146823669340108,0.150509473170507,0.000784832615516,0.621807492166742,0.287117214596872,0.00406234294069,0.000003763836092,0.233676449665073,0.160358304116438,0.233676449665073,0.233676449665073,0.186804268261763,0.192131196491875,0.195612112967359,0.004984045511934,0.603746855534568,0.071663246897883,0.004262919761532,0.000000865774451,0.240088994433194,0.142055804007096,0.240088994433194,0.240088994433194,0.163613972737825,0.172474654370364,0.166259217477005,0.006264187396376,0.292445916697208,0.024644271088722,0.035735143990666,0.000002345604567,0.478663280530149,0.190073084690094,0.478663280530149,0.478663280530149,0.25052570790151,0.287695797680449,0.246809830640383
0.000108783514307,0.440776722668112,0.459696925856253,0.001832722697844,0.000158198321186,0.139830738945087,0.117782519388896,0.139830738945087,0.139830738945087,0.135402153938112,0.148579652446425,0.14875077348086,0.000738885712076,0.617719928020455,0.299243259640793,0.004273953799934,0.000003515414873,0.234059371166186,0.160110399555869,0.234059371166186,0.234059371166186,0.18493517109425,0.193126344497617,0.196084682921732,0.005206714377567,0.604669066161066,0.072318566975915,0.004390668647785,0.00000087093344,0.240324372431539,0.141964715053736,0.240324372431539,0.240324372431539,0.162948116134838,0.172375111882224,0.165369940836213,0.006318308231519,0.295136222623067,0.026187375817332,0.037778935462243,0.000002358779755,0.479816806882142,0.192097755092318,0.479816806882142,0.479816806882142,0.254616079971622,0.289096519904556,0.249276739606211
0.000109515244311,0.441105777040684,0.47337147350188,0.001946697335655,0.000156019581971,0.140382394467141,0.118559136593064,0.140382394467141,0.140382394467141,0.140651279212441,0.148571237101223,0.150832060478427,0.000726181869702,0.622031906344219,0.297680275436899,0.006476505148063,0.000003779154109,0.235179748083273,0.160646198958173,0.235179748083273,0.235179748083273,0.186336836918551,0.193307458272488,0.199943274546308,0.005289790128702,0.60438551453294,0.069566673215033,0.004202936979015,0.000000862766495,0.24042561692432,0.141830668273407,0.24042561692432,0.24042561692432,0.163514694444882,0.172032388884615,0.164991577525736,0.00626051098193,0.295564965776206,0.024078807641623,0.035477608922198,0.000002398151125,0.479002660566817,0.192657849341731,0.479002660566817,0.479002660566817,0.254918139810177,0.288678999098842,0.250730774971794
0.000121501352779,0.438302808130679,0.459184394492479,0.002119604878401,0.000155707510323,0.140899856162656,0.115862558408598,0.140899856162656,0.140899856162656,0.136325408593138,0.143700195091384,0.148195719832989,0.000685393236078,0.630850441075775,0.312912122321509,0.005653622483503,0.000003077212903,0.239630236104363,0.16356144649456,0.239630236104363,0.239630236104363,0.190105333055748,0.19722965896107,0.20562461159514,0.005288726176813,0.604001599174114,0.067858765811881,0.004139392838259,0.000000866805334,0.240436960322536,0.141464818638346,0.240436960322536,0.240436960322536,0.164094790674493,0.171367165664834,0.164780835163999,0.006396811346187,0.298026045708598,0.025950839162024,0.036744839102956,0.000002400236954,0.480065689539813,0.19460680893495,0.480065689539813,0.480065689539813,0.255681224737211,0.291639853125096,0.252454240896752
0.000136642065128,0.448064726989038,0.458512495013081,0.001989029542668,0.000152954357769,0.14063539706738,0.119158594955816,0.14063539706738,0.14063539706738,0.138540108918783,0.147242871494711,0.147430496263314,0.000668302892334,0.625761844714206,0.310409428017813,0.004149370204166,0.000002966178262,0.23957635498461,0.162503901637805,0.23957635498461,0.23957635498461,0.188769237388825,0.196580425197301,0.20267501335768,0.005329250164268,0.604885211465768,0.063879226471407,0.004012850591218,0.000000865842499,0.240471526920241,0.14162348147221,0.240471526920241,0.240471526920241,0.162659153051985,0.171780874593151,0.164853972681489,0.006373641761646,0.299945454816494,0.02598648405569,0.038162975294311,0.000002396638389,0.481462851503046,0.196387759788101,0.481462851503046,0.481462851503046,0.255118004134762,0.293680582744014,0.254594918995142
0.000166946148113,0.459593186061398,0.470192529872568,0.009967431715957,0.000156835004925,0.137373439657045,0.119799107538571,0.137373439657045,0.137373439657045,0.137948699716378,0.145851176749397,0.140788331148672,0.000686815174648,0.626301923834067,0.317689269085856,0.0047075392872,0.00000310951284,0.239921089524546,0.162654201044053,0.239921089524546,0.239921089524546,0.188273371258615,0.197879843409145,0.202569114860199,0.005321559283096,0.603247263002486,0.059700198767812,0.003390275935827,0.00000084135481,0.240344593124529,0.141547943338414,0.240344593124529,0.240344593124529,0.162435465225317,0.171661902073238,0.164958325815454,0.006487927055913,0.301088117689525,0.02347796465846,0.036188993827594,0.000002365661271,0.482734598934731,0.195847134681209,0.482734598934731,0.482734598934731,0.257098816794792,0.293636752359266,0.253385154255877
0.000195840501692,0.453729078975553,0.478215406023362,0.009335174206044,0.00016089924133,0.132787647340873,0.11891083260317,0.132787647340873,0.132787647340873,0.136880705465591,0.140789829912442,0.136893169647732,0.00069430582051,0.623868104358188,0.3264194955357,0.006742362146019,0.000003667892324,0.236238388992411,0.161707408276487,0.236238388992411,0.236238388992411,0.189908947927321,0.194449975655772,0.201690434647684,0.005225577767418,0.602907175974173,0.069326359968719,0.004259136234728,0.000000838315758,0.240575687478335,0.141324870193907,0.240575687478335,0.240575687478335,0.162209382727045,0.171760844510294,0.164549506065958,0.006439092581188,0.30069689939365,0.024324541287526,0.035832913218547,0.000002376485509,0.482180966123522,0.196473619350212,0.482180966123522,0.482180966123522,0.257215343139166,0.293631257271611,0.254022771925012
0.000166872336308,0.454819421314596,0.461796824362429,0.003923270308513,0.000158817107452,0.13474780359875,0.121104185991583,0.13474780359875,0.13474780359875,0.136812299067385,0.14728522860505,0.140515481980181,0.000753226447715,0.623975976937304,0.327990712089505,0.006684562218206,0.000004214501915,0.232298083680008,0.16090643126082,0.232298083680008,0.232298083680008,0.184539874741253,0.193758105634458,0.195930742505318,0.005394555784272,0.603029954594347,0.072639863365892,0.004375593355021,0.000000837049208,0.2407838408146,0.141437743296749,0.2407838408146,0.2407838408146,0.161581740923152,0.172189169202007,0.163851252415145,0.006309905167405,0.298461643627728,0.027155058790552,0.037370671527083,0.000002362260888,0.481256580667483,0.195340606213421,0.481256580667483,0.481256580667483,0.255047204449256,0.292545902929463,0.253690059594237
0.000157774452679,0.46540737438778,0.457418837922018,0.003597421149756,0.000163211991162,0.143108992870728,0.122153709712442,0.143108992870728,0.143108992870728,0.140367534215007,0.150129017236077,0.149139458685892,0.000748374154586,0.621584202017386,0.302006300811904,0.004716749258836,0.000004693095763,0.230350463781422,0.160784625681801,0.230350463781422,0.230350463781422,0.185482650683924,0.191995430890511,0.197027410263897,0.005165795984391,0.602913975764834,0.072495583019875,0.004766103571096,0.000000835396789,0.240581896241218,0.141895901735086,0.240581896241218,0.240581896241218,0.161721417645871,0.172867922555142,0.165261355739536,0.00638638519036,0.29972102912181,0.025506828538597,0.036015108298301,0.000002375336078,0.482123750983485,0.194759538752523,0.482123750983485,0.482123750983485,0.257123465105106,0.291945298700353,0.252842817433756
0.000142827108517,0.470960071476661,0.458022455337667,0.003008569136817,0.000160926088827,0.139717030762593,0.126257011203306,0.139717030762593,0.139717030762593,0.145809079663759,0.149845651057244,0.151081571600359,0.000709621868055,0.6099719413292,0.298465623328078,0.003714335846469,0.000004789223568,0.228348188509071,0.158127047016826,0.228348188509071,0.228348188509071,0.183443494709392,0.189793184746564,0.196132587162704,0.005339362988458,0.601932850226482,0.064774564806117,0.003673569486852,0.000000840956772,0.240410399178064,0.141211652789496,0.240410399178064,0.240410399178064,0.162358189615951,0.171522070333402,0.164403969504166,0.006469858909531,0.29866809343674,0.026179914989118,0.036319495768877,0.000002349823371,0.481837329148468,0.194325234466321,0.481837329148468,0.481837329148468,0.254575206620956,0.292248503699565,0.252049174030813
0.000139702397341,0.474139045015374,0.44188248789361,0.003776462170147,0.000159211239654,0.144422375843888,0.126473551755979,0.144422375843888,0.144422375843888,0.145142306970851,0.152973818160097,0.155364546365722,0.000634574544989,0.612265552206425,0.298313552659431,0.004574837368224,0.00000496713699,0.228858793663534,0.15943863066875,0.228858793663534,0.228858793663534,0.187526608049031,0.190949575932137,0.20000501082226,0.005283595783996,0.601382396554856,0.067121495889476,0.004141819895142,0.000000845984947,0.240193590958715,0.141011095729852,0.240193590958715,0.240193590958715,0.162324274708945,0.171115267170081,0.164077527261208,0.006486652209898,0.298482625356027,0.02509240345887,0.036597601264606,0.000002344527967,0.482273023876579,0.193523918949042,0.482273023876579,0.482273023876579,0.253798228030788,0.29163583414599,0.25128061297004
0.000130009870625,0.466636909156378,0.443450917905339,0.00158933600572,0.000157138669369,0.141521782153995,0.127288988192624,0.141521782153995,0.141521782153995,0.143455549372377,0.152056187722329,0.160306791550389,0.000680073799551,0.610721508145764,0.303802282088484,0.006716346872413,0.00000490292803,0.230853843034475,0.158701539781011,0.230853843034475,0.230853843034475,0.185519633176744,0.193978084428329,0.200061834069433,0.005327338245404,0.601262089968228,0.068917103946277,0.003887089761104,0.000000824884426,0.24022762379651,0.141264518942425,0.24022762379651,0.24022762379651,0.162446945533882,0.171301093107045,0.164130861198561,0.006312635183052,0.297452075384582,0.023397558661436,0.036119039408074,0.000002319903272,0.481921724646948,0.192725481823251,0.481921724646948,0.481921724646948,0.254297532300311,0.291442407026572,0.251112261883088
0.000123077232709,0.462361488874206,0.452905224514531,0.004981963844471,0.000154602746199,0.13972411807368,0.125568074565132,0.13972411807368,0.13972411807368,0.142972707253966,0.149293734586111,0.151561870867748,0.000664709425857,0.617401668418186,0.299689238833805,0.003335433159717,0.000004913409125,0.232151455194498,0.159843715385237,0.232151455194498,0.232151455194498,0.186858020616582,0.194633913368642,0.202929148719592,0.005310232777608,0.601868208675788,0.065239840430046,0.004183714814555,0.000000835467498,0.240534127692888,0.140859272020747,0.240534127692888,0.240534127692888,0.162626846987865,0.171064065097811,0.16391298319526,0.006538664057537,0.299032618453095,0.024514004654072,0.035518734029289,0.000002300476564,0.483206384636887,0.193464940233338,0.483206384636887,0.483206384636887,0.256742919256759,0.290228809556779,0.251041037996699
0.000111476523906,0.454693908928621,0.452086283186452,0.002429976968975,0.000157857943889,0.139770783994235,0.123951361500995,0.139770783994235,0.139770783994235,0.138206128104405,0.152156611342264,0.158285118412965,0.000658604271155,0.608386638010526,0.288833934968799,0.004412012634071,0.000003897456976,0.232044498933909,0.158720581035921,0.232044498933909,0.232044498933909,0.185183239321258,0.192501467445246,0.198190041238414,0.005290838896623,0.602011321202004,0.070281655818789,0.004224463108063,0.000000843435994,0.240259755030268,0.141352988299539,0.240259755030268,0.240259755030268,0.164124677450951,0.171071708691747,0.164756400589345,0.006372481133597,0.299621084981333,0.024568017428333,0.036363209748963,0.000002270245059,0.484148182362588,0.194906842365184,0.484148182362588,0.484148182362588,0.256773960076861,0.292591799649698,0.252785747421742
0.000111476523906,0.448022295802829,0.465164509574632,0.007093558427816,0.000157255800246,0.141754035617605,0.118051825596091,0.141754035617605,0.141754035617605,0.135367808569112,0.148972139741605,0.151962965281694,0.000677385407472,0.607917715752572,0.284902164946576,0.004063922246556,0.000003708917766,0.232007125187861,0.15800786576687,0.232007125187861,0.232007125187861,0.18630740195777,0.190398186576261,0.198410614555279,0.005262834507731,0.599292437709882,0.066973003605023,0.003992566804475,0.000000819693762,0.239980662329711,0.140880243840954,0.239980662329711,0.239980662329711,0.163354648961928,0.170431843668412,0.16393099061916,0.006426843741793,0.299686969719733,0.026154820137651,0.038450124404595,0.000002223639448,0.484633383348674,0.195102146138089,0.484633383348674,0.484633383348674,0.25715210292185,0.291498038490864,0.253311626361703
0.000105367995128,0.435757652030729,0.489647763355011,0.002736275122637,0.000158621727094,0.136770529684867,0.118110496125284,0.136770529684867,0.136770529684867,0.136081009560795,0.145584822139356,0.146991776188618,0.000651788775145,0.608571551528633,0.273883708941068,0.004204214213553,0.000003722110944,0.232084264934784,0.158649878223299,0.232084264934784,0.232084264934784,0.185758139701012,0.191936862551789,0.198692666627181,0.005450746129265,0.599869994401324,0.064820263350393,0.003979970660356,0.000000806330421,0.240178056460802,0.1406642490756,0.240178056460802,0.240178056460802,0.162452464342584,0.170224511730325,0.16266089238464,0.006442163161938,0.299838310278987,0.024526547963742,0.036107339304094,0.000002258818931,0.484346139349315,0.195556783380835,0.484346139349315,0.484346139349315,0.257957731242336,0.292428610330654,0.253507625277645
0.000109456483713,0.444696040506733,0.503789534042796,0.00419840743476,0.000159812526653,0.137670931251552,0.115907503114498,0.137670931251552,0.137670931251552,0.137009585762019,0.142212956648161,0.146625815275446,0.000699803444442,0.615636515835767,0.277962200845059,0.005825056657138,0.000004076508471,0.232212332392711,0.158999895953566,0.232212332392711,0.232212332392711,0.187108173339906,0.190763853750457,0.197882662382712,0.005104534599864,0.598955920996407,0.072557020840844,0.004254718525303,0.000000807526279,0.240381531860215,0.140659110230908,0.240381531860215,0.240381531860215,0.162114347472773,0.170693297916856,0.164009419600669,0.006625232543273,0.301628698778529,0.024355596765217,0.035865617280881,0.000002286487243,0.484918083792084,0.196096407776991,0.484918083792084,0.484918083792084,0.258646767616513,0.293201621548283,0.254456110383189
0.000152941161912,0.444984526682494,0.48321229332277,0.002801414625666,0.000157005043565,0.138491320279589,0.115399323118217,0.138491320279589,0.138491320279589,0.138543545509569,0.140591961402742,0.142429806244267,0.000722242630234,0.622725054510321,0.287467414666008,0.004458735251148,0.000003813950189,0.234426089063901,0.160408795330237,0.234426089063901,0.234426089063901,0.186502931151191,0.192419823360659,0.19989138819451,0.005344642916234,0.602516576873271,0.069296722467626,0.003909040082871,0.000000826810911,0.240878870175267,0.141001282337948,0.240878870175267,0.240878870175267,0.162935265990634,0.170953852992264,0.164783875650722,0.006319867553218,0.301440543898717,0.026337236525798,0.037543283889759,0.000002257772938,0.484841418269752,0.197476771415008,0.484841418269752,0.484841418269752,0.256034908196312,0.295352069666858,0.255929549391826
0.00012389358916,0.428620007891622,0.478168237763504,0.002809465545832,0.000158998744256,0.135341266999326,0.113006591906254,0.135341266999326,0.135341266999326,0.136522540280665,0.139698061710975,0.141135377261776,0.000738603101181,0.623752054879879,0.294099923806201,0.005602053467553,0.000003796949267,0.23561610780705,0.161387654399336,0.23561610780705,0.23561610780705,0.185321180957529,0.196235459954968,0.19841057023522,0.005350957409223,0.601521153847216,0.068064348412878,0.00432238967829,0.000000820897804,0.240501474907047,0.140855283431478,0.240501474907047,0.240501474907047,0.163159863444026,0.170397109425676,0.164163842520935,0.006449396345876,0.301982577855741,0.024697619974061,0.036088590321929,0.00000226336991,0.485435844133887,0.19719074940326,0.485435844133887,0.485435844133887,0.258833137301958,0.295095526406646,0.254926999652656
0.000118478606952,0.43439274016785,0.471280109120554,0.008576741258183,0.000158299957334,0.131011526309764,0.115961110234046,0.131011526309764,0.131011526309764,0.133509285256697,0.141941940100744,0.142893816638762,0.000776137013099,0.626719059245244,0.294263539684241,0.003841200365756,0.000003499049704,0.236793356708579,0.161898144652872,0.236793356708579,0.236793356708579,0.185277712365633,0.194067436660945,0.198076713768488,0.005261715930502,0.60217164218995,0.070631934102746,0.004505479949722,0.000000813036766,0.24090699613365,0.141220197168019,0.24090699613365,0.24090699613365,0.1636633686281,0.17155234531079,0.164007638603958,0.006416270757891,0.303113406206915,0.025342276839263,0.037449846797885,0.00000228617528,0.48529577844957,0.198180360242072,0.48529577844957,0.48529577844957,0.260114880709491,0.294701028339172,0.256004701476764
0.000126953967538,0.437667302456121,0.473312420900622,0.008054099509977,0.000157253848939,0.134611428334105,0.117689989962299,0.134611428334105,0.134611428334105,0.134881566744015,0.142506673574381,0.144624471405352,0.00071739099423,0.619983510771115,0.316058877163399,0.005252523148364,0.000003708806394,0.234270028830008,0.161584038026967,0.234270028830008,0.234270028830008,0.187302955425623,0.193893860523266,0.199508363539385,0.005199932656311,0.602987328918756,0.067255169599866,0.004047273781271,0.000000812669891,0.241124055791033,0.141189767576815,0.241124055791033,0.241124055791033,0.163677259757992,0.170997755623303,0.164628426135627,0.006481770564316,0.302370223647108,0.026438548595614,0.036983138492543,0.000002282347849,0.485244458937221,0.19696411067872,0.485244458937221,0.485244458937221,0.260082168526065,0.29432571407802,0.254825752307455
0.000104017417899,0.444579193219433,0.468773395022659,0.001436030939627,0.000155401515968,0.135815132461341,0.115172841555928,0.135815132461341,0.135815132461341,0.133836806299071,0.142658911654727,0.145408809015808,0.00073797559625,0.623790938214317,0.308350516408396,0.005461375583892,0.000003610857894,0.236464726802621,0.16237089804558,0.236464726802621,0.236464726802621,0.187052361886902,0.195939733056348,0.199765256997226,0.005058169022592,0.59959487446663,0.072593942413778,0.004357306400428,0.000000813084453,0.240383180804254,0.140694423221193,0.240383180804254,0.240383180804254,0.162026880692378,0.171017684502654,0.164036011300274,0.006469756733496,0.303639000371111,0.025469311222279,0.036538006023621,0.00000228406485,0.48542928116969,0.198707995803793,0.48542928116969,0.48542928116969,0.261260746197771,0.296084832166339,0.257475932810529
0.00013142787043,0.450427474247827,0.467733992470707,0.00639230295475,0.000155559607576,0.137255193779602,0.120663758839418,0.137255193779602,0.137255193779602,0.138379238858112,0.145447682242465,0.148624062596786,0.000699587492336,0.627997960633082,0.309738753873697,0.005045412113941,0.000004666421094,0.232760724724643,0.163032349760756,0.232760724724643,0.232760724724643,0.189767129608387,0.194845379598273,0.202600007144758,0.005059694472949,0.599604299911598,0.080586559065266,0.004829420898521,0.000000815503025,0.240372802781738,0.14069778906141,0.240372802781738,0.240372802781738,0.162286309562171,0.171234850320294,0.164036951755216,0.006464546367015,0.304085767588011,0.023653083986339,0.036688597916989,0.000002286735861,0.485911497690018,0.198284453955502,0.485911497690018,0.485911497690018,0.260183139887814,0.296248189417514,0.255600921491115
0.000128683026594,0.451889903943786,0.468208421475877,0.008223486812588,0.000154223652282,0.138005171085641,0.121680356572956,0.138005171085641,0.138005171085641,0.138733607986759,0.150589670024353,0.148153607205428,0.000740961415842,0.626705819101093,0.308756308092801,0.005402060243566,0.000004328027554,0.235112789078886,0.161728570116697,0.235112789078886,0.235112789078886,0.188050873115847,0.195162597182374,0.20063178405958,0.00525261986162,0.601018001851709,0.079466697848171,0.004911146809673,0.000000799532546,0.241110768568476,0.140608869959865,0.241110768568476,0.241110768568476,0.161663717628649,0.171198807314453,0.163506316372672,0.006896358061875,0.304791220265838,0.02565007747457,0.036029416292159,0.000002301127098,0.484749088871469,0.198330388974176,0.484749088871469,0.484749088871469,0.260546669183568,0.295171131539253,0.25441451430027
0.000123619679676,0.45152248297233,0.447355433270654,0.006109847641475,0.000153138740905,0.139137826962443,0.121202018467165,0.139137826962443,0.139137826962443,0.136878311397421,0.150405226733348,0.151216619647899,0.0007407981417,0.624377277464938,0.312647894757195,0.003700280319837,0.000003727067197,0.237010399745899,0.161200939907711,0.237010399745899,0.237010399745899,0.188961538856493,0.193465133821234,0.200854188047377,0.005382701181785,0.600676204872405,0.064760047438829,0.003778119290287,0.000000799532546,0.241033270422076,0.140734424614841,0.241033270422076,0.241033270422076,0.161950173733821,0.171885346202996,0.163816247676105,0.006402303954934,0.304464271903038,0.024363926780935,0.035967078938991,0.000002277946463,0.486328687468386,0.199228254945542,0.486328687468386,0.486328687468386,0.260950401839917,0.297084732869728,0.257261060441318
0.000127034628969,0.44710860804249,0.448093359340371,0.002802608350751,0.000153625961878,0.139008664728662,0.119844338897141,0.139008664728662,0.139008664728662,0.13832970464974,0.147758357703318,0.147464157531584,0.000693605878655,0.616604981850631,0.309494302648429,0.00536991399445,0.000003233353857,0.237609770591711,0.161022740518971,0.237609770591711,0.237609770591711,0.188869832105409,0.195221591759162,0.202721122608966,0.005116836073802,0.601415039032302,0.071448750130136,0.004296427751488,0.00000079226581,0.241232001834771,0.141104416082686,0.241232001834771,0.241232001834771,0.163899872644442,0.170666466477227,0.165088290974088,0.006645240373255,0.304054766903552,0.023659738899235,0.035619046881341,0.000002285439655,0.486452770231971,0.197959655047788,0.486452770231971,0.486452770231971,0.261822204634095,0.295698923663211,0.255398310741736
0.000140051254599,0.446161498937435,0.442455754723746,0.004611087246189,0.000151155785402,0.131702147781397,0.11962664791683,0.131702147781397,0.131702147781397,0.134124571593633,0.144859006459016,0.14168002889073,0.000643507158857,0.609213958638329,0.308654397873959,0.006749666732814,0.00000288831754,0.238811663008696,0.158532600245155,0.238811663008696,0.238811663008696,0.185934170307299,0.194303279729641,0.201881348755461,0.005276128263723,0.602453229525644,0.076750602248444,0.004375106426094,0.000000797764006,0.241483242796893,0.141040277232899,0.241483242796893,0.241483242796893,0.162089334701747,0.171502100126955,0.164683403830766,0.006411057776194,0.304882358923068,0.025562617430797,0.038383620299743,0.00000230750662,0.485915454841902,0.199407759274489,0.485915454841902,0.485915454841902,0.261714308584569,0.297810465755976,0.25764780572459
0.0001612715839,0.46200540586422,0.451201177360522,0.001284768967503,0.000155410606275,0.139825016478667,0.121706191378314,0.139825016478667,0.139825016478667,0.138405145007381,0.148935374277417,0.144565633389547,0.000726349576156,0.612473359429787,0.308816259661922,0.005417287368797,0.000002560302228,0.238487314763662,0.158756926898885,0.238487314763662,0.238487314763662,0.187457682421178,0.19009122036816,0.194943203613756,0.005247685462522,0.602327700009231,0.061156361133306,0.003966126800463,0.000000804628598,0.241214357350734,0.141058500587484,0.241214357350734,0.241214357350734,0.161641642463334,0.171157569855703,0.164203673656604,0.006503873579908,0.305009417976188,0.023797106818816,0.037226089121654,0.000002254822184,0.486978953431711,0.199184177446293,0.486978953431711,0.486978953431711,0.259864403646857,0.297384484524625,0.257154151652801
0.000220899690693,0.458221452077799,0.449155662225269,0.004597599711859,0.000151617789314,0.140026237218649,0.118446552496322,0.140026237218649,0.140026237218649,0.136128633187618,0.145719217372465,0.1351301869151,0.00072061430687,0.613668185422799,0.330537032880892,0.004934589472643,0.000002937659214,0.237633642270476,0.158651348511376,0.237633642270476,0.237633642270476,0.184234404536071,0.190958188514194,0.194458098064503,0.00519594526229,0.598263812199081,0.069723185181973,0.004294159602854,0.000000792655488,0.240609778295364,0.140346109032147,0.240609778295364,0.240609778295364,0.161953153804052,0.170197866080726,0.163884591778168,0.006381976617998,0.305946301676852,0.024819784159868,0.036195674620355,0.000002254333461,0.487418611671645,0.200865482883831,0.487418611671645,0.487418611671645,0.261967177304774,0.299034500820267,0.259554003856534
0.000179083058752,0.449855541796476,0.461769786927235,0.005746626259505,0.000147642346344,0.137743075271167,0.116487367717929,0.137743075271167,0.137743075271167,0.136218663350834,0.143723001920539,0.141032011348342,0.000766490383339,0.623081738254244,0.33965438760064,0.004934558043394,0.000003951934302,0.235973865529293,0.160340419313464,0.235973865529293,0.235973865529293,0.184948250967801,0.193953038066195,0.196748516300166,0.005208234549319,0.597520299768655,0.074655998300164,0.004340708125892,0.000000798984967,0.240245861435085,0.14014241088568,0.240245861435085,0.240245861435085,0.161368110446754,0.170845148906275,0.163107701295124,0.006415515361292,0.305981266290173,0.02521529006227,0.036582639200029,0.000002215448,0.488121912480999,0.200882245298048,0.488121912480999,0.488121912480999,0.263721216031607,0.297623800554694,0.259668246074364
0.000142182732553,0.446853727402312,0.482304480903326,0.004114331366844,0.000147570496243,0.136541628848669,0.118046124623531,0.136541628848669,0.136541628848669,0.136718417796867,0.142256664669321,0.141086325755669,0.000723638028371,0.619465500916656,0.331495630291031,0.004078287511783,0.000004126264285,0.23324356484052,0.161137998233093,0.23324356484052,0.23324356484052,0.186821432263303,0.194329646094004,0.200388386801596,0.005200002841841,0.597207182591791,0.066413317241031,0.003852361071006,0.00000080012242,0.24013500101047,0.140314394180123,0.24013500101047,0.24013500101047,0.161184138153762,0.170548900643611,0.163119236837552,0.00645380747197,0.306522275103292,0.023523233975445,0.035556516197737,0.000002203906917,0.489041014517569,0.200350286879345,0.489041014517569,0.489041014517569,0.262854019520243,0.297292580238615,0.259376491125707
0.000126172994721,0.439287321865026,0.511894780831115,0.005353356188753,0.000144016917226,0.137833236157464,0.115969495463116,0.137833236157464,0.137833236157464,0.132861951173187,0.145331453420374,0.143998085602237,0.000686601574595,0.619131992938895,0.328889760026471,0.004440901077673,0.000004463460973,0.233247320336148,0.160284635048736,0.233247320336148,0.233247320336148,0.185950120023525,0.195597541425756,0.201599188715268,0.005257679900598,0.59776894207269,0.067868218302508,0.003985393046243,0.000000806252604,0.239976706834536,0.140380017551984,0.239976706834536,0.239976706834536,0.161486696641537,0.170888244107483,0.16288896572963,0.006644055841907,0.306557423032044,0.026249958322776,0.035705023709543,0.00000218922146,0.489576574382825,0.199879017894508,0.489576574382825,0.489576574382825,0.261519468066739,0.299041576741763,0.258863753706872
0.000141761837424,0.441361456290364,0.510020044205996,0.003395665123128,0.000144323245734,0.138485513179491,0.116074948034705,0.138485513179491,0.138485513179491,0.129470642591611,0.146397649596882,0.137809455909244,0.000721889049475,0.616735362608444,0.337698910663294,0.005430353242994,0.000004199644452,0.232364537837728,0.159746103473101,0.232364537837728,0.232364537837728,0.184210699684145,0.192907176287306,0.196771324940197,0.005216452652136,0.597079158148549,0.067525496515524,0.003683469764698,0.000000807914594,0.239716864467656,0.140425898182417,0.239716864467656,0.239716864467656,0.161003568986248,0.170883057700508,0.162988128723708,0.006600543434497,0.307203228177358,0.02385591020205,0.037166066077398,0.000002175881244,0.490098012146129,0.199587617455059,0.490098012146129,0.490098012146129,0.262490357734833,0.298230355597928,0.257665108084731
0.000118905970444,0.453246085263665,0.511097287512641,0.009240154587364,0.000142050307312,0.138998119776221,0.124764550991542,0.138998119776221,0.138998119776221,0.135809623816727,0.152906464897216,0.15319157886338,0.000702150026647,0.610735529087418,0.324148013079719,0.006050442789274,0.000003546393876,0.236825340210498,0.158742664918423,0.236825340210498,0.236825340210498,0.185240048882224,0.195593163349841,0.199788004513675,0.005059559635707,0.597479165931745,0.070292983163741,0.004318546127937,0.000000807914594,0.239719206544996,0.140807306057659,0.239719206544996,0.239719206544996,0.161151036125176,0.171327327677384,0.164261665808915,0.006552498304087,0.308395042941519,0.026879843955458,0.03723261020788,0.000002182857593,0.490572319301271,0.20160149596668,0.490572319301271,0.490572319301271,0.26367947734418,0.298609295543543,0.261536310066458
0.000123113864829,0.460769402293833,0.510258983600668,0.00514319340215,0.000138589821825,0.145439663123584,0.122005414732295,0.145439663123584,0.145439663123584,0.141694041278918,0.149639722800167,0.154437556494385,0.000715952794473,0.620390440750384,0.320931546063982,0.006916769178414,0.00000310784437,0.237241101490501,0.160319775317906,0.237241101490501,0.237241101490501,0.184634127365516,0.194090641075881,0.198468694420128,0.005155519479657,0.598239888956669,0.062315594504417,0.003916568472911,0.000000810373325,0.240199666583965,0.14052995849231,0.240199666583965,0.240199666583965,0.162325777313248,0.17030443239067,0.164408471821078,0.006539907411687,0.308501921428307,0.023921851160673,0.035961154381753,0.0000021949843,0.490507809781937,0.201361507793051,0.490507809781937,0.490507809781937,0.263140392868906,0.300061133951064,0.259375387548671
0.000103616216757,0.457136229539195,0.522613269687896,0.007605744117656,0.000141262177037,0.146542874110927,0.120848808184457,0.146542874110927,0.146542874110927,0.139431579573284,0.153884791733225,0.15819940611218,0.000751739598342,0.624954987414598,0.31334387684155,0.003535736163668,0.000003015010472,0.23847303429842,0.160408534267874,0.23847303429842,0.23847303429842,0.183966417187195,0.193719981061361,0.196549879800182,0.005088104399177,0.599947999304127,0.063067546619525,0.003572516329969,0.000000811847637,0.240533882949362,0.140601623800604,0.240533882949362,0.240533882949362,0.163191349970902,0.17051575102409,0.164216760423944,0.006532015013942,0.308652309740708,0.024179364324593,0.036023294598209,0.000002190524816,0.490548676082353,0.201698211021893,0.490548676082353,0.490548676082353,0.26327795247871,0.300337633207876,0.261244654883565
0.000142649367164,0.465142564725155,0.522324856712544,0.002325039490289,0.000139303587394,0.145786059134517,0.122877668004374,0.145786059134517,0.145786059134517,0.143275889637672,0.151408069418185,0.152552231925058,0.000793992197734,0.625647854928023,0.334261808535624,0.0045181111305,0.000002868287403,0.239106178242075,0.161570448776568,0.239106178242075,0.239106178242075,0.188136866838452,0.192790030019428,0.197212563169412,0.005237427052972,0.60234831615142,0.074152212869238,0.004148083844278,0.000000811884748,0.240632734372689,0.141201558105821,0.240632734372689,0.240632734372689,0.161528818013144,0.170901470871552,0.164727116958892,0.006651745119907,0.3075185352342,0.025903610800806,0.036905489262982,0.000002196058747,0.489859230600333,0.201036841629781,0.489859230600333,0.489859230600333,0.263186982943828,0.298975144190694,0.259741230878651
0.00016056190913,0.473267545228568,0.53871478358154,0.00958338983034,0.000138497190337,0.143509648782698,0.123968610167467,0.143509648782698,0.143509648782698,0.143663404876233,0.149861644081552,0.146218700789578,0.000801421068466,0.624056554285147,0.337372322857915,0.005913538954652,0.000002422064694,0.241857235999881,0.16063749087839,0.241857235999881,0.241857235999881,0.188199104998069,0.19085092757413,0.195244046196644,0.00534281048888,0.602674202117905,0.068958516153697,0.004093922430373,0.00000081087848,0.241356804841666,0.14083258626258,0.241356804841666,0.241356804841666,0.161582038554071,0.171597195002528,0.163843960856495,0.006534543552362,0.307212984111963,0.023263840501902,0.035988543000777,0.000002198211488,0.4899907854147,0.199618011062955,0.4899907854147,0.4899907854147,0.26245303503157,0.29752134802674,0.259432633822865
0.00015746511454,0.466628936544513,0.544743205336093,0.006716753298013,0.000135754698782,0.148219222306863,0.121525302794331,0.148219222306863,0.148219222306863,0.142533191732418,0.149848081263461,0.150487970380342,0.00074808002743,0.624641349005382,0.353431578432937,0.005940143050412,0.000002245722015,0.244097171829466,0.16139813760516,0.244097171829466,0.244097171829466,0.186836932262772,0.194227261462643,0.199149987729302,0.005502473783263,0.603916878341452,0.073086233372494,0.004284497262343,0.000000810622892,0.241647665960835,0.14118390749692,0.241647665960835,0.241647665960835,0.162789026238426,0.171476077008884,0.163855785561112,0.006792236462361,0.306751932083516,0.025779407666042,0.035808034185015,0.000002224940882,0.48876878194679,0.199966840322161,0.48876878194679,0.48876878194679,0.262639017325862,0.297438850091798,0.257894196470823
0.000155714330561,0.464330389355598,0.541736770546196,0.002197584526004,0.000135796553984,0.139977697283321,0.120738015695386,0.139977697283321,0.139977697283321,0.135972849846738,0.147082292465264,0.144170674421818,0.000790338869449,0.624402557039993,0.354907487222239,0.005402532693061,0.000002206691712,0.242851146490227,0.16186138310193,0.242851146490227,0.242851146490227,0.190407351430491,0.191804011264977,0.197000450497504,0.005383342147938,0.604518953131355,0.075898698931139,0.004644700312249,0.000000809498091,0.241776623347562,0.141221370477334,0.241776623347562,0.241776623347562,0.163587773901795,0.171570146877583,0.164483549646768,0.006577767425829,0.308209892633413,0.02448190184481,0.035909336032087,0.000002203553372,0.489890895121065,0.201348637744286,0.489890895121065,0.489890895121065,0.267382629900835,0.298799552031604,0.259972181378003
0.000181104564392,0.455096086372286,0.54344011454443,0.009863380357031,0.000137515852849,0.142485257083616,0.118102859423679,0.142485257083616,0.142485257083616,0.133987714583888,0.147412673707996,0.138315782715197,0.000653686160629,0.61958714657726,0.36461196529852,0.006363410302115,0.000002213036704,0.243498605492955,0.16121855957006,0.243498605492955,0.243498605492955,0.192169478494979,0.194854599219948,0.204001587976899,0.005389303340273,0.60600970365701,0.073360340197889,0.004509455270408,0.000000809498091,0.241997715618506,0.141869602225517,0.241997715618506,0.241997715618506,0.162351149857322,0.173257599985026,0.164716126328288,0.006691989662242,0.307541482643408,0.024969579423193,0.0363101286289,0.000002187891089,0.490119872458439,0.200978067462971,0.490119872458439,0.490119872458439,0.266773342656119,0.297939340989421,0.259605071983639
0.000173682546397,0.465934633194928,0.546209538955308,0.002622936364118,0.000137990779636,0.142422489948753,0.122859134432137,0.142422489948753,0.142422489948753,0.136552875513543,0.151926023661691,0.145497703756572,0.000591060748997,0.616360262465029,0.358154978951918,0.004055354715816,0.000002359424522,0.241689546143038,0.162919593787801,0.241689546143038,0.241689546143038,0.18923110685907,0.199892674704964,0.210683177997114,0.005268895745331,0.607301903131647,0.076949530748071,0.004722943514733,0.000000820659251,0.24193125572368,0.142295307154921,0.24193125572368,0.24193125572368,0.16396002099203,0.172299934396014,0.165434732827081,0.006601169695502,0.308236101222186,0.025516214078321,0.036258079480099,0.000002203124548,0.490145316542613,0.201618472115604,0.490145316542613,0.490145316542613,0.263370458144495,0.298882734527534,0.260175910910472
0.000128603530111,0.461200752927235,0.539463504820776,0.00126308716509,0.0001367656226,0.14030986537426,0.124664901829963,0.14030986537426,0.14030986537426,0.137519036671585,0.151504683275595,0.148628744941376,0.000586920759964,0.611596691682104,0.364350330380638,0.007101973326148,0.000002254174967,0.243280952097283,0.161162562895439,0.243280952097283,0.243280952097283,0.192943056544413,0.19732409849182,0.209358538404061,0.005273229302279,0.607244378544737,0.07110372919527,0.003925158088306,0.000000810634029,0.241817957517704,0.142872666691202,0.241817957517704,0.241817957517704,0.163631613619672,0.173521771190409,0.165784604618165,0.006627244280129,0.310297126373897,0.025810921461864,0.037998374983858,0.000002220211987,0.490748778853387,0.20350464498203,0.490748778853387,0.490748778853387,0.264214251154698,0.300247627319735,0.262355737847594
