NbCI,NB_Classe,Method,Parametre_method_1,Parametre_method_2,accept_mcmc,reject_mcmc,fct_obj,nbr_evaluation,nbr_evaluation_aborted,temps,temps_CPU,delta_0,gamma_0,eps_0,r_0,x0_infect_0,beta0_0,beta1_0,beta2_0,beta3_0,beta4_0,beta5_0,beta6_0,delta_1,gamma_1,eps_1,r_1,x0_infect_1,beta0_1,beta1_1,beta2_1,beta3_1,beta4_1,beta5_1,beta6_1
0,2,MCMC,Metropolis,,0,0,5543699.643312730826437,1,0,0.000232839000000,0.000231293000000,0.329847405429951,0.618087169860325,0.854051219039490,0.104630838363138,0.000101859126874,0.061259238864760,0.019419265863924,0.064004706447514,0.027960807562101,0.041746543346574,0.044652776260550,0.053031224303849,0.550247911246027,0.152037797839400,0.791569617035572,0.061403256330062,0.000008590953061,0.051165710713029,0.002172598333536,0.037744027324699,0.060061160765073,0.066542741871000,0.057218077469995,0.001784365339070
0,2,MCMC,Metropolis,,10093,9906,4530667.428642345592380,20000,0,3.526588973000000,3.525290496000000,0.324821866291735,0.612122412541316,0.853879668180050,0.105078637607294,0.000101803406882,0.068541989351146,0.043133788317030,0.067742066299006,0.038756383635210,0.054766387628237,0.052746750131384,0.056288673735042,0.531684663238609,0.134412136779804,0.791533790416991,0.060928393424273,0.000008935538354,0.055363249460991,0.011308410488768,0.040067297139280,0.062937362466175,0.070565338212788,0.060522798073093,0.002638881036162
0,2,MCMC,Metropolis,,17250,22749,2537313.055955117102712,40000,0,7.093443732000001,7.091899474000000,0.313063659803628,0.602735957063882,0.853800052890658,0.104137532545042,0.000101750400015,0.088679969359352,0.067531347573953,0.078226814608005,0.063544081686245,0.084772693110202,0.076130742327055,0.066135447633023,0.481150192461328,0.087201503927844,0.791990787937207,0.062005510461787,0.000010623800256,0.066944985511286,0.032867810650859,0.048223864270582,0.073217755998706,0.084876324426100,0.070276136154261,0.010223162325423
0,2,MCMC,Metropolis,,19411,40588,2156728.235131368972361,60000,0,10.625377370000001,10.623578001000000,0.310514075227047,0.601683058237498,0.854828850914919,0.102616600920032,0.000102193323874,0.088701232180890,0.064759957652559,0.081394449009188,0.068665491389953,0.088739861509805,0.081504655195210,0.069394164376831,0.460496091820866,0.067760068292829,0.791752531828807,0.062176597889145,0.000011428924757,0.069444969474601,0.043026861033516,0.051487394349924,0.076361353002890,0.092028184596444,0.073675398689461,0.012330713644936
0,2,MCMC,Metropolis,,21551,58448,1983439.681297395844012,80000,0,14.178151995000000,14.175957651999999,0.310075720118609,0.601453335693792,0.853701253250745,0.102690508166759,0.000102140081803,0.088824220424908,0.063284010838064,0.082052922384073,0.068909716517185,0.089201209545641,0.082347621231957,0.071207575354393,0.449432996053949,0.056103392248220,0.792008242509141,0.061824001407040,0.000011738805187,0.071893934241122,0.047133049769507,0.052449675581941,0.078409803316493,0.094776699265157,0.075880681359747,0.013831642499346
0,2,MCMC,Metropolis,,23709,76290,1898545.575258792843670,100000,0,17.775472205000000,17.773205741000002,0.309495384131387,0.601361203905354,0.853767502040083,0.102717753339920,0.000102157298722,0.088780652725164,0.063147129298687,0.081757949739938,0.069152876017067,0.089073326055619,0.082356918836683,0.071549881874542,0.444040097493016,0.050081105577028,0.791916547490942,0.061744865240421,0.000011981323434,0.073270289310741,0.049481726683362,0.053613941505339,0.078987040961829,0.096665436543446,0.077218789635659,0.014203803069783
0,2,MCMC,Metropolis,,26000,93999,1852003.991770066320896,120000,0,21.342315986000003,21.339900590999999,0.309002038915734,0.601402063180169,0.853802379587350,0.102541940051080,0.000102150905072,0.088774199778256,0.062865316582920,0.081622173919767,0.069412053849318,0.088989528423688,0.082471261266701,0.071870880666890,0.440656704836114,0.046978303277766,0.792092619035640,0.061708414330503,0.000012003528270,0.073894581033891,0.050958271148823,0.054081783805240,0.079296684210500,0.097326309097069,0.077803761877290,0.014335852342749
0,2,MCMC,Metropolis,,28322,111677,1827126.758090168470517,140000,0,24.920406306000000,24.917754011000000,0.308864344485772,0.601408676303058,0.853724116428548,0.102665581542037,0.000102147238681,0.088782741725519,0.062698119174571,0.081698291000284,0.069446931756950,0.088877978793412,0.082611219446561,0.072084978993417,0.438967670212010,0.045158699248207,0.792028541281928,0.061762803909418,0.000012000039841,0.074277097515804,0.051631377406886,0.054128320736169,0.079514048024304,0.097846604044563,0.078216547392373,0.014400061205264
0,2,MCMC,Metropolis,,30883,129116,1812432.133500956930220,160000,0,28.529475697000002,28.526701715000002,0.308824454264969,0.601462169459669,0.853668630559844,0.102699833325406,0.000102152339877,0.088783332892377,0.062700242804569,0.081697359220338,0.069482294482262,0.088925152812309,0.082630363168689,0.072146112199835,0.437948824635413,0.044098174276853,0.791972421903980,0.061759173402737,0.000012036009207,0.074502383565477,0.052083706693410,0.054203443034526,0.079643429166819,0.098095870254431,0.078410516304518,0.014520213140688
0,2,MCMC,Metropolis,,33752,146247,1803789.003865373320878,180000,0,32.098783492999999,32.095906182000000,0.308780078625727,0.601475708760899,0.853669166890394,0.102679564600329,0.000102151492552,0.088789290203193,0.062625794855332,0.081724875627787,0.069477687160390,0.088898928388092,0.082690206646450,0.072204182833057,0.437348988757191,0.043515806483111,0.792000839911598,0.061786912426668,0.000012069008979,0.074652736150642,0.052368761802062,0.054252726276378,0.079763440973631,0.098255680824029,0.078545748311484,0.014606722191250
0,2,MCMC,Metropolis,,37003,162996,1797976.344389691948891,200000,0,35.792048143999999,35.789107430000001,0.308763099570655,0.601479321041311,0.853674889339976,0.102666618418828,0.000102155727699,0.088789826157496,0.062609644510006,0.081709821115709,0.069483422375758,0.088911731159429,0.082688592833505,0.072233418307140,0.436950618332496,0.043097402953107,0.792011758068753,0.061810261919153,0.000012072694795,0.074753035143943,0.052560746332228,0.054307129938230,0.079803376457928,0.098375116933190,0.078616129421872,0.014653864169849
0,2,MCMC,Metropolis,,40837,179162,1793602.023104661144316,220000,0,39.428248382000000,39.425180595000000,0.308756268330379,0.601461582354051,0.853658190984036,0.102659675060409,0.000102158429465,0.088789074248981,0.062595630697670,0.081709508743993,0.069483453896214,0.088929791225786,0.082720958287659,0.072287602515813,0.436661626219603,0.042776767599044,0.792010553493883,0.061830019165095,0.000012081589636,0.074809586785116,0.052703277879624,0.054338971548621,0.079820125113550,0.098476865686566,0.078672115237912,0.014729685537625
0,2,MCMC,Metropolis,,44971,195028,1789883.242372972890735,240000,0,43.030581536000000,43.027430318999997,0.308703772319144,0.601461913154623,0.853664293751473,0.102645645517728,0.000102153172931,0.088786792658829,0.062578034764324,0.081703386734124,0.069484334474433,0.088915739321843,0.082722167408633,0.072343445725181,0.436398759301469,0.042528530797127,0.792021290587655,0.061837340288125,0.000012092235862,0.074865843018729,0.052830010076698,0.054386875316085,0.079859659760528,0.098523005098378,0.078749386549773,0.014761597928392
0,2,MCMC,Metropolis,,49376,210623,1786399.023583560250700,260000,0,46.629384249000005,46.626161504999999,0.308684806447999,0.601479676440553,0.853665388763385,0.102651716026447,0.000102148195369,0.088789283868055,0.062559101178198,0.081709684057813,0.069452581558362,0.088911418967976,0.082730441836095,0.072382807807265,0.436156363979709,0.042284738834053,0.792033093333028,0.061846708896715,0.000012102073418,0.074917122999678,0.052940036412541,0.054401714039814,0.079902948069420,0.098591284313903,0.078811900223259,0.014783424557116
0,2,MCMC,Metropolis,,53916,226083,1783290.849016320891678,280000,0,50.259007195000002,50.255714863999998,0.308671965766565,0.601477954680083,0.853657547381277,0.102658832838594,0.000102149609315,0.088788138352228,0.062557538075489,0.081715999283516,0.069471325175040,0.088929903978663,0.082731625331871,0.072391714319508,0.435945620002282,0.042065594829692,0.792045985585775,0.061845804488178,0.000012110441187,0.074947593658131,0.053052798031970,0.054431938844056,0.079952940104355,0.098656178522320,0.078871184107144,0.014800267893587
0,2,MCMC,Metropolis,,58563,241436,1780235.164161222986877,300000,0,53.853115815000002,53.849730121999997,0.308656724008612,0.601481770496335,0.853652713921344,0.102636339367097,0.000102149253577,0.088788396977165,0.062545498921167,0.081699534662512,0.069472704594539,0.088934517079686,0.082727267242828,0.072423245101359,0.435720645109962,0.041854072170636,0.792046262883046,0.061823087770473,0.000012112911174,0.074984459949771,0.053153268035396,0.054449315811209,0.079985175909845,0.098690190028797,0.078921029035850,0.014834912736951
0,2,MCMC,Metropolis,,63279,256720,1777230.485225871205330,320000,0,57.630665544000003,57.627135703999997,0.308645800761291,0.601484088535082,0.853640343545107,0.102626073825996,0.000102148597104,0.088788247037707,0.062540328158314,0.081692056738677,0.069485010456892,0.088921595164816,0.082739322207655,0.072438658612113,0.435498273599613,0.041649023705419,0.792046299845616,0.061834992444706,0.000012122816241,0.075040407529525,0.053245402072681,0.054465898275616,0.080027572202464,0.098740163502657,0.078952785584886,0.014840615377868
0,2,MCMC,Metropolis,,67779,272220,1774303.841123618185520,340000,0,61.282046026000003,61.278325913000003,0.308640806099558,0.601505053286568,0.853630701203296,0.102619051042428,0.000102143349993,0.088791125610989,0.062529440621484,0.081691713160262,0.069493851526151,0.088925697132598,0.082749411614758,0.072459860439357,0.435287007281056,0.041436653829724,0.792043071582059,0.061832618481601,0.000012132068535,0.075085957626675,0.053318681213480,0.054486029866576,0.080058003335275,0.098791496454318,0.078988365398553,0.014858208881830
0,2,MCMC,Metropolis,,72554,287445,1771197.800669807475060,360000,0,64.895619893000003,64.891790752000006,0.308638554995103,0.601516115991655,0.853632941806677,0.102604750246012,0.000102141815232,0.088792990788427,0.062520701847542,0.081694366017488,0.069491623147763,0.088923600217142,0.082776077803653,0.072481659286147,0.435059776284851,0.041214798566597,0.792033824590873,0.061842989687434,0.000012139307732,0.075131827942133,0.053406134289057,0.054514384803870,0.080092018273168,0.098838756265792,0.079019852854857,0.014882242200690
0,2,MCMC,Metropolis,,77275,302724,1768198.810338744893670,380000,0,68.440570394000005,68.436222201000007,0.308625683130881,0.601532636332737,0.853617632901578,0.102611097841135,0.000102137676857,0.088796974567054,0.062491299927156,0.081688672750847,0.069504767158714,0.088918988518883,0.082768545562932,0.072488778701146,0.434861944325372,0.040988931183369,0.792018613813993,0.061843369558040,0.000012148683287,0.075179808960933,0.053495334995171,0.054536030630896,0.080132572415770,0.098895207222780,0.079076448294330,0.014894307330783
0,2,MCMC,Metropolis,,81905,318094,1765405.595098404679447,400000,0,72.017072170000006,72.012200419999999,0.308617400483045,0.601551511212384,0.853611860234609,0.102592043415493,0.000102134657973,0.088798440919943,0.062488286077432,0.081672788595286,0.069510748637849,0.088920401925387,0.082784866599228,0.072506163868169,0.434666613118494,0.040784508188704,0.792013741458246,0.061859150519225,0.000012152301902,0.075224876752815,0.053571729601279,0.054561083347405,0.080175470024420,0.098955121111830,0.079103160717468,0.014913111407566
0,2,MCMC,Metropolis,,86661,333338,1762313.000507910270244,420000,0,75.563533346000000,75.552629625999998,0.308602592154976,0.601557404482912,0.853608205867218,0.102585905635215,0.000102134039514,0.088797565014668,0.062488463168006,0.081676231286801,0.069533776724282,0.088917292509933,0.082782831755816,0.072546211544281,0.434442536968147,0.040563507623000,0.791998004404036,0.061855940492429,0.000012159809075,0.075295953921686,0.053643846605511,0.054575517129424,0.080212074540473,0.099013301427257,0.079137161324939,0.014936000218707
0,2,MCMC,Metropolis,,91234,348765,1759293.322915045544505,440000,0,79.167443196000008,79.156292196999999,0.308592931942497,0.601565389292043,0.853610709638526,0.102575796491280,0.000102134113984,0.088798480717860,0.062479678069735,0.081671266236757,0.069519609103864,0.088916105963566,0.082785117727409,0.072560134115178,0.434222051275619,0.040347980163519,0.792005180484979,0.061872652640477,0.000012169799006,0.075335334748695,0.053729152472436,0.054600890474235,0.080239963596921,0.099074227028864,0.079174455594188,0.014954427919696
0,2,MCMC,Metropolis,,95902,364097,1756436.982236604904756,460000,0,82.789863774000011,82.778570926000000,0.308569291772490,0.601570242210049,0.853602097806802,0.102548812526296,0.000102132718734,0.088797067560341,0.062477863664672,0.081679256735754,0.069517863544962,0.088907624828677,0.082771008829427,0.072610685256617,0.434027712706576,0.040143216584030,0.792012053530368,0.061899508846318,0.000012179959537,0.075373182733304,0.053821436011726,0.054628480840732,0.080294077642936,0.099132752040321,0.079207758454570,0.014947642724216
0,2,MCMC,Metropolis,,100612,379387,1753493.951116207055748,480000,0,86.383968963000001,86.372534647999998,0.308565981908511,0.601578839369239,0.853598898078438,0.102536775632520,0.000102129689638,0.088797463528161,0.062478656257673,0.081685002479620,0.069520453500534,0.088912934488088,0.082780194382748,0.072624920730175,0.433825033521793,0.039925747773369,0.792027196603725,0.061908363860250,0.000012185005712,0.075412368656937,0.053906203052524,0.054659458776845,0.080332820730111,0.099194647353997,0.079255359768940,0.014968872997573
0,2,MCMC,Metropolis,,105220,394779,1750705.726173953153193,500000,0,90.016756819000008,90.005239007000000,0.308544777324525,0.601584902868305,0.853607334113528,0.102525370876357,0.000102135222857,0.088796808583410,0.062469792919682,0.081693317270899,0.069528463063719,0.088892714862925,0.082786166340672,0.072637750714567,0.433655709990640,0.039697298991911,0.792040505634202,0.061909987609236,0.000012192308629,0.075448856867846,0.053990095179378,0.054691867314790,0.080353143740383,0.099260645552004,0.079283947319673,0.014997344441070
0,2,MCMC,Metropolis,,109943,410056,1747755.280294201802462,520000,0,93.675246499000011,93.663420561999999,0.308528890897247,0.601598830351216,0.853595744365596,0.102519551137127,0.000102133333540,0.088797643873106,0.062461891344785,0.081689817499871,0.069537029281560,0.088902303534036,0.082801040379069,0.072641496441465,0.433438993242250,0.039493070807549,0.792024309746554,0.061916660874720,0.000012199148056,0.075489170387244,0.054086575207259,0.054704878955355,0.080395542657092,0.099314929881319,0.079330375378059,0.015014833019790
0,2,MCMC,Metropolis,,114651,425348,1744789.079491592943668,540000,0,97.284760908999999,97.272836350000006,0.308509003524451,0.601596903122047,0.853600510770637,0.102506850996227,0.000102137221123,0.088796508800965,0.062453013440455,0.081687749204055,0.069545087699840,0.088906960053783,0.082808740348935,0.072661849125372,0.433234078065739,0.039281793657461,0.792039060785378,0.061910478767190,0.000012210166510,0.075545211209508,0.054176033744699,0.054728043981691,0.080445405351965,0.099374341429649,0.079380581501028,0.015028589758559
0,2,MCMC,Metropolis,,119298,440701,1741875.035361478105187,560000,0,100.906257037000003,100.894236605000003,0.308507244593400,0.601612294512774,0.853603297713795,0.102491939966591,0.000102136354660,0.088799321949721,0.062439068064148,0.081686222429318,0.069542600000024,0.088904555749360,0.082823810496707,0.072664644977817,0.433018940651518,0.039077820106179,0.792043837793277,0.061912617957480,0.000012215054612,0.075597418267744,0.054259618576923,0.054755599683589,0.080492090650094,0.099422627617661,0.079419293084584,0.015057718377232
0,2,MCMC,Metropolis,,124078,455921,1738859.316982377786189,580000,0,104.457687242000006,104.445509173999994,0.308491159488588,0.601643345414109,0.853619866675479,0.102485639780367,0.000102131807172,0.088803808495827,0.062413330030148,0.081697513680943,0.069535134290149,0.088913861790276,0.082824129828616,0.072687651669194,0.432799058181658,0.038863549810888,0.792052573293739,0.061913990437963,0.000012225506441,0.075652319368262,0.054347904119546,0.054784975835966,0.080538658382464,0.099464996252717,0.079434086417457,0.015098566216126
0,2,MCMC,Metropolis,,128620,471379,1735843.105909517966211,600000,0,108.024813369000000,108.012484219000001,0.308477969436937,0.601650412489875,0.853620692015911,0.102474546227828,0.000102133026441,0.088804770178805,0.062400002378397,0.081696365634926,0.069527944312268,0.088903864662327,0.082815696632636,0.072716053013678,0.432582016094254,0.038655215794055,0.792050824663769,0.061912566492184,0.000012232083910,0.075710366255279,0.054438249165240,0.054819146324059,0.080590230164125,0.099530811950593,0.079472520021169,0.015122546870134
0,2,MCMC,Metropolis,,133414,486585,1732790.970914830453694,620000,0,111.614158397000011,111.600853362999999,0.308470447127618,0.601638349891795,0.853639771368829,0.102467353921328,0.000102130196727,0.088804154673700,0.062391414240691,0.081711165152572,0.069522674661186,0.088905732294905,0.082828499432813,0.072750516061572,0.432373426637450,0.038432197423221,0.792038041277049,0.061922721487168,0.000012237527924,0.075753665849691,0.054539068381367,0.054842157702248,0.080628806675581,0.099590560130605,0.079524068161993,0.015151941755480
0,2,MCMC,Metropolis,,138197,501802,1729699.883286296855658,640000,0,115.161979577000011,115.144516306000000,0.308460682354663,0.601641095724014,0.853650607484931,0.102476694174478,0.000102133906287,0.088805416126008,0.062374083235296,0.081724631333614,0.069523307710914,0.088908882185853,0.082838941222855,0.072774193125434,0.432157024655450,0.038198077602771,0.792008299000717,0.061933526877267,0.000012243026365,0.075819675342180,0.054619684856087,0.054877931692645,0.080669677718138,0.099641875902590,0.079543904603578,0.015180987014347
0,2,MCMC,Metropolis,,142775,517224,1726780.516976234968752,660000,0,118.699686974000002,118.677300767999995,0.308444482041767,0.601649700218428,0.853661749896615,0.102438812760059,0.000102137041992,0.088804807262473,0.062371850761709,0.081720734693826,0.069528136299678,0.088903493946761,0.082832885274396,0.072800196957549,0.431950768038401,0.037988600011627,0.792003597789430,0.061945641539020,0.000012255872846,0.075856860643877,0.054718130071065,0.054882443236084,0.080713291428881,0.099692800776604,0.079592864522362,0.015189558746149
0,2,MCMC,Metropolis,,147365,532634,1723906.774171903263777,680000,0,122.244230946000002,122.219889444000003,0.308424882730108,0.601642627087041,0.853667672948774,0.102427980206559,0.000102139308469,0.088802865887019,0.062366238206314,0.081732295535550,0.069516725783999,0.088901454237671,0.082850623145383,0.072825050631611,0.431738572470695,0.037789026232451,0.792015830991778,0.061946922420691,0.000012263136488,0.075909197748073,0.054800031069114,0.054896970515742,0.080741623223965,0.099748985719481,0.079640668910466,0.015222817231957
0,2,MCMC,Metropolis,,152089,547910,1721047.608201005030423,700000,0,125.773932358000010,125.749359921999996,0.308420989139242,0.601642241008191,0.853662514903604,0.102429834178741,0.000102146128459,0.088804073047871,0.062350113423395,0.081754555853207,0.069516956265068,0.088899830870854,0.082852533682531,0.072841366063423,0.431526384581746,0.037583216341448,0.792016018933671,0.061953512617674,0.000012270228030,0.075962137098354,0.054867249223230,0.054926405533180,0.080760519738623,0.099800274973416,0.079703419919720,0.015243510375227
0,2,MCMC,Metropolis,,156716,563283,1718234.679723813198507,720000,0,129.277903274000010,129.253071468000002,0.308411867983436,0.601647597933456,0.853660934407104,0.102407178269866,0.000102145977800,0.088803928354159,0.062347781838547,0.081754199908691,0.069517911395478,0.088896174174802,0.082848336198215,0.072844671699372,0.431333895404048,0.037366981470251,0.792020190592827,0.061970644403925,0.000012275223175,0.076001798223007,0.054954609693896,0.054947410951896,0.080779899456553,0.099850286223356,0.079757608054204,0.015263584241553
0,2,MCMC,Metropolis,,161268,578731,1715724.023896269733086,740000,0,132.824373077000018,132.799257393999994,0.308396471868484,0.601652281922112,0.853647458074418,0.102391250632793,0.000102140826759,0.088802587978113,0.062352991878667,0.081758613637611,0.069523413172606,0.088897590033452,0.082852306853193,0.072871341407984,0.431147934680621,0.037192729872649,0.792028740866023,0.061985702838302,0.000012277417865,0.076023912767670,0.055041980233924,0.054973514264036,0.080820949924024,0.099892869568857,0.079788130485952,0.015289452088384
0,2,MCMC,Metropolis,,166014,593985,1712897.816055054776371,760000,0,136.407181057000003,136.381863885000001,0.308387577907002,0.601648561697762,0.853634474009194,0.102379232839951,0.000102140871177,0.088799892211964,0.062366794115339,0.081767247997562,0.069520897071467,0.088900939784939,0.082840212833124,0.072885711255778,0.430957105358358,0.036987849721322,0.792032602789893,0.061979707743890,0.000012286090784,0.076068896962884,0.055151527595595,0.054996459956236,0.080867290233416,0.099953337053466,0.079827699280749,0.015311501909574
0,2,MCMC,Metropolis,,170654,609345,1710396.174832279328257,780000,0,139.944431437000020,139.918901852000005,0.308356677623873,0.601658822198071,0.853616979885306,0.102377402852492,0.000102143109124,0.088801194194627,0.062338852630832,0.081775013224652,0.069527782425709,0.088900168778250,0.082841071739003,0.072905024465699,0.430778251216382,0.036805166292083,0.792023895291172,0.061978935907440,0.000012290644505,0.076115624881640,0.055223324680185,0.055018440290215,0.080892338726152,0.100000177631582,0.079867343283806,0.015315130380001
0,2,MCMC,Metropolis,,175406,624593,1707496.134659131523222,800000,0,143.472171824000014,143.446455345000004,0.308354806015743,0.601660967630196,0.853616123779395,0.102362984387450,0.000102141699331,0.088802501970628,0.062328354329067,0.081778972318768,0.069520982398056,0.088885858959067,0.082848044629270,0.072908768523387,0.430570292451265,0.036601657926240,0.792023521259830,0.061985340071044,0.000012293251209,0.076163760857805,0.055341723161178,0.055033152139493,0.080929318191063,0.100040173137008,0.079923848997256,0.015341616203689
0,2,MCMC,Metropolis,,180190,639809,1704736.519743619486690,820000,0,147.050689841000008,147.024822507000010,0.308340962159450,0.601635111895660,0.853625833050404,0.102352018941128,0.000102139356986,0.088800147635115,0.062319123907495,0.081772101563230,0.069517245726100,0.088891322120390,0.082855983239258,0.072920408758639,0.430369006022570,0.036408236447697,0.792028932531768,0.061997949035012,0.000012303874321,0.076206838128975,0.055429823912332,0.055062970773657,0.080971869825898,0.100101615825822,0.079950844130059,0.015361388401101
0,2,MCMC,Metropolis,,184895,655104,1701797.755156053695828,840000,0,150.572965640000007,150.545611156000007,0.308334057820248,0.601634427474166,0.853621079262447,0.102346790235217,0.000102138325601,0.088800219998401,0.062313357060948,0.081785485109486,0.069525583862782,0.088907511505501,0.082865252402188,0.072930890819707,0.430152046859789,0.036192078374931,0.792013604506432,0.062002024079073,0.000012308331461,0.076257476310493,0.055513736333297,0.055103073356715,0.080991165581399,0.100143843258727,0.079993990120116,0.015391564848113
0,2,MCMC,Metropolis,,189582,670417,1698753.590663057286292,860000,0,154.138014082000012,154.102877608999989,0.308313841810973,0.601623261921116,0.853626447944965,0.102329500438786,0.000102143506386,0.088797954050846,0.062306367272877,0.081771414484358,0.069545936739212,0.088912333812285,0.082881594612542,0.072959565089743,0.429929429506200,0.035981589656487,0.792022552356802,0.062006415081908,0.000012317141101,0.076305799626432,0.055602989508143,0.055132590766901,0.081040730672611,0.100229859408925,0.080032643485500,0.015401532199310
0,2,MCMC,Metropolis,,194218,685781,1695826.946347658056766,880000,0,157.647611295000019,157.608392476000006,0.308299723326214,0.601608623167345,0.853630612586868,0.102314455298008,0.000102146118303,0.088795727391535,0.062303330152016,0.081765307491409,0.069538557904407,0.088908249745625,0.082880702374173,0.072975697581426,0.429710457341981,0.035772818800004,0.792030912917691,0.062011115150839,0.000012323899329,0.076353437680051,0.055697922164508,0.055156069008417,0.081068876298349,0.100288148238336,0.080064795768546,0.015408267798698
0,2,MCMC,Metropolis,,199018,700981,1692780.547658690251410,900000,0,161.176395471999996,161.130878174999992,0.308275008311510,0.601616918578409,0.853627575855372,0.102311513542072,0.000102147646926,0.088793975251770,0.062304260321582,0.081776287321107,0.069546912360317,0.088901436876869,0.082880868649646,0.073006067758720,0.429483248530098,0.035556947760040,0.792012426547546,0.062024178344102,0.000012334308582,0.076408534207784,0.055792399917148,0.055162311596892,0.081104853860125,0.100339591294787,0.080094340849353,0.015445119556197
0,2,MCMC,Metropolis,,203671,716328,1689956.314050259534270,920000,0,165.000376466000006,164.949045390999999,0.308259303908676,0.601615841080058,0.853635733693638,0.102287102891489,0.000102149019484,0.088794813591821,0.062283199195322,0.081785272166859,0.069527019281224,0.088876204920554,0.082886950232636,0.073017945921201,0.429288798368358,0.035354657934195,0.792027228102139,0.062008585257663,0.000012341797932,0.076462106382628,0.055893985416659,0.055191163994433,0.081162731382407,0.100393269227689,0.080142240245771,0.015452478104955
0,2,MCMC,Metropolis,,208272,731727,1687104.371042616199702,940000,0,168.836285910000015,168.780819710999992,0.308252247055057,0.601628324900381,0.853618091976871,0.102266914962130,0.000102148988668,0.088795874254800,0.062277767664878,0.081794342265311,0.069517800325351,0.088882077696086,0.082881907339258,0.073039156709434,0.429086044517822,0.035141494641964,0.792024559271303,0.061997659431988,0.000012349772253,0.076507840789495,0.055979473653100,0.055220358099256,0.081204395248422,0.100445648589508,0.080178509079606,0.015465236057529
0,2,MCMC,Metropolis,,212965,747034,1684263.807498992886394,960000,0,172.416410672000012,172.360768213000000,0.308251713761694,0.601619328515475,0.853608506239823,0.102259076032326,0.000102146548265,0.088795750549264,0.062272594259916,0.081808593576492,0.069523172780659,0.088883384308284,0.082896135199195,0.073041831220264,0.428890809530525,0.034926761958102,0.792034743752471,0.061987543716411,0.000012359145806,0.076572178712241,0.056071909328224,0.055249178304979,0.081239679317686,0.100500663576029,0.080207703445298,0.015489666066584
0,2,MCMC,Metropolis,,217697,762302,1681257.717245157109573,980000,0,176.027227840000023,175.971393333000009,0.308237810190134,0.601610111528506,0.853601623440973,0.102261929256808,0.000102143950058,0.088795187026327,0.062262028130060,0.081804236788125,0.069525094827926,0.088884295964374,0.082891954766592,0.073074193810563,0.428662878812361,0.034717728976962,0.792046334303633,0.061983164012410,0.000012362415693,0.076612654013737,0.056170197022088,0.055282228396858,0.081287957644291,0.100552426994588,0.080252172666107,0.015513328825516
0,2,MCMC,Metropolis,,222348,777651,1678317.427578753791749,1000000,0,179.588401634000007,179.532392762000001,0.308202341327194,0.601607836625827,0.853611984140270,0.102259440492286,0.000102141620397,0.088793010720214,0.062252858050635,0.081824343309034,0.069524691978723,0.088890409819022,0.082873187292591,0.073087670142877,0.428455690237602,0.034500980697425,0.792024321655303,0.061984764818655,0.000012368056331,0.076654369006959,0.056271726260928,0.055311609126089,0.081328730944180,0.100616152674257,0.080289169776265,0.015522556999033
0,2,MCMC,Metropolis,,226993,793006,1675479.978366528172046,1020000,0,183.286465745000015,183.230381351999995,0.308184598105268,0.601645181304516,0.853587755205286,0.102262803896057,0.000102141434957,0.088797966785971,0.062224482224184,0.081835050450470,0.069528103354979,0.088902854871738,0.082867103324982,0.073098836644352,0.428262585212889,0.034290366828151,0.792021625948956,0.061969826527840,0.000012369515544,0.076716462496359,0.056362974668609,0.055338680506170,0.081350664530831,0.100693353878289,0.080340807716936,0.015547610971887
0,2,MCMC,Metropolis,,231761,808238,1672570.828989184927195,1040000,0,187.018750145000013,186.962573534999990,0.308171402205588,0.601659827505017,0.853585246916276,0.102290564666122,0.000102139174201,0.088800092962596,0.062208200847732,0.081836412802559,0.069533138905978,0.088896915572088,0.082863440567923,0.073128672070480,0.428048940251054,0.034082279807122,0.792026689073183,0.061995996414366,0.000012379083948,0.076767044697387,0.056459405869078,0.055355353564576,0.081365962261043,0.100761395107462,0.080387155158874,0.015549516580127
0,2,MCMC,Metropolis,,236464,823535,1669662.091095099458471,1060000,0,190.661260320000025,190.604909805999995,0.308151438738331,0.601671903573562,0.853595488711762,0.102300825691371,0.000102142002321,0.088801397972751,0.062189955455686,0.081825914265086,0.069554802022384,0.088880520185328,0.082883198255704,0.073147454353811,0.427827020560739,0.033878843066812,0.792033174997227,0.061991634110274,0.000012388669098,0.076818296893853,0.056546046947630,0.055372361770588,0.081401050284009,0.100818142932014,0.080431933934655,0.015562263357356
0,2,MCMC,Metropolis,,241088,838911,1666824.674978557042778,1080000,0,194.274217773000004,194.217739657999999,0.308134829846981,0.601671919949228,0.853596438906584,0.102289313070548,0.000102143333259,0.088798356889890,0.062202760659082,0.081819214177178,0.069570414208822,0.088875743785274,0.082876876445786,0.073174992632860,0.427624788188474,0.033664711709364,0.792032126962844,0.061990140486061,0.000012393873806,0.076860320774614,0.056627805485585,0.055412810406108,0.081430481795562,0.100883903016553,0.080463878721675,0.015580841317012
0,2,MCMC,Metropolis,,245757,854242,1664069.584095816593617,1100000,0,197.899862221000006,197.843272049000007,0.308118433587127,0.601669624972803,0.853596134071070,0.102270180139016,0.000102142389400,0.088797025724436,0.062200489089046,0.081826582985171,0.069558276014239,0.088887341177677,0.082898609015902,0.073190843381153,0.427418966422972,0.033462524413179,0.792042326108405,0.061981157676169,0.000012397446723,0.076900299588391,0.056709280221206,0.055450668297567,0.081472347336243,0.100927845380980,0.080497786725530,0.015596622164044
0,2,MCMC,Metropolis,,250411,869588,1661138.016642094356939,1120000,0,201.505513464000018,201.448783780000014,0.308102709377456,0.601687798973258,0.853584199499166,0.102271258311478,0.000102134194373,0.088797902404432,0.062198723249191,0.081832316030952,0.069557898179747,0.088877644399617,0.082913791643767,0.073211198256212,0.427213016822540,0.033239320257462,0.792059571816112,0.061998968489381,0.000012404060602,0.076954576574024,0.056781652463608,0.055469924854703,0.081517405743364,0.100995289796805,0.080546928847999,0.015630281675555
0,2,MCMC,Metropolis,,255016,884983,1658350.898904772941023,1140000,0,205.111749295999999,205.047781305999990,0.308075265135176,0.601693650106396,0.853587338674001,0.102255434826202,0.000102134599660,0.088794484768428,0.062211156300082,0.081835730840706,0.069560048290292,0.088864836576376,0.082917179490099,0.073243484848375,0.427013832555005,0.033031622253871,0.792073814241309,0.062026461822106,0.000012413046685,0.076996664578144,0.056878623263054,0.055501220024913,0.081542577806755,0.101041995225359,0.080578226897193,0.015640600658837
0,2,MCMC,Metropolis,,259736,900263,1655606.295581353595480,1160000,0,208.730748247000008,208.654572363999989,0.308036996432042,0.601695847544783,0.853577151339750,0.102262505278866,0.000102132523112,0.088793349869663,0.062194254211962,0.081840554261938,0.069566020757031,0.088867206825168,0.082923041604617,0.073258311119192,0.426825409590005,0.032818631666716,0.792065127105124,0.062031080935814,0.000012422262807,0.077031841666885,0.056968580274646,0.055512155263916,0.081559384100501,0.101096772441133,0.080629854256566,0.015663907221126
0,2,MCMC,Metropolis,,264387,915612,1653014.217758525162935,1180000,0,212.358435435000018,212.268918528999990,0.308031754500255,0.601708280429881,0.853576641665895,0.102234131064263,0.000102134985909,0.088796087970804,0.062174449889186,0.081838754535026,0.069553207337458,0.088878777753496,0.082907260140550,0.073263470079303,0.426631451607389,0.032630790000998,0.792058862422965,0.062049164912406,0.000012428910012,0.077078052426872,0.057047142523902,0.055525154830469,0.081599116011592,0.101143409837983,0.080661580519272,0.015689055401635
0,2,MCMC,Metropolis,,269119,930880,1650025.356828209478408,1200000,0,215.953149810000014,215.858013927000002,0.308009589521247,0.601711941962072,0.853581196200263,0.102219745449272,0.000102136481418,0.088794391478047,0.062173992841265,0.081851470256918,0.069556604988658,0.088886214172459,0.082912688331450,0.073284022980494,0.426406872871988,0.032415441759198,0.792051511183018,0.062078182236374,0.000012439278773,0.077139702011432,0.057121448509542,0.055535578414945,0.081644439848630,0.101201365929470,0.080718950887742,0.015704474896330
0,2,MCMC,Metropolis,,273810,946189,1647284.620606571203098,1220000,0,219.526896101000006,219.431441672000005,0.308001561402221,0.601729176539057,0.853589283595684,0.102215141384722,0.000102138464984,0.088797006265694,0.062156796579667,0.081842830877104,0.069553344977516,0.088861505582808,0.082893697300975,0.073294087442608,0.426211335203083,0.032213632118674,0.792047564793852,0.062083256288025,0.000012449167460,0.077192729586406,0.057209697524061,0.055564014739922,0.081665637600840,0.101269374357468,0.080756029455154,0.015728526801200
0,2,MCMC,Metropolis,,278536,961463,1644496.363895082846284,1240000,0,223.117863405000008,223.022303684999997,0.307977698431425,0.601762085516392,0.853593007616858,0.102225198882504,0.000102143889542,0.088797076096573,0.062160627659945,0.081830983140473,0.069557876982493,0.088867762593739,0.082908190160552,0.073319009024018,0.426011249506332,0.032014482149107,0.792031793720080,0.062089451653041,0.000012455000594,0.077244941086046,0.057311960577100,0.055596604482596,0.081698637596863,0.101321309291431,0.080806617524766,0.015747251425296
0,2,MCMC,Metropolis,,283177,976822,1641561.513874963857234,1260000,0,226.603448498000006,226.506199465999998,0.307969430159622,0.601772188533783,0.853573811364769,0.102213629017842,0.000102144242197,0.088799707706886,0.062139897689943,0.081848182504695,0.069560388236817,0.088867694646873,0.082923613914136,0.073344216060357,0.425795689103874,0.031790788648754,0.792023721991493,0.062074589562920,0.000012463131721,0.077285171257357,0.057403480868651,0.055601942632191,0.081725922433784,0.101370736135011,0.080843788789288,0.015779198230006
0,2,MCMC,Metropolis,,287849,992150,1638659.092088055796921,1280000,0,230.170160283000001,230.072561352000008,0.307939449027846,0.601774501710219,0.853588209460495,0.102207148139640,0.000102140844436,0.088798329972326,0.062130866781427,0.081847445295275,0.069559890578002,0.088875576289407,0.082935865893618,0.073367535715448,0.425590460528739,0.031582678178281,0.792031524875603,0.062073547752672,0.000012472350918,0.077326947307809,0.057506668370342,0.055637447420971,0.081779429862465,0.101444051719073,0.080888433260680,0.015779624679077
0,2,MCMC,Metropolis,,292613,1007386,1635834.337408032268286,1300000,0,233.702262217000026,233.604520430999997,0.307948934461758,0.601774803249606,0.853585279672372,0.102203034427830,0.000102139295003,0.088800720592532,0.062118898120423,0.081841471107123,0.069555456922786,0.088883191556504,0.082943652676700,0.073401286837076,0.425388224092556,0.031359521242875,0.792034515137159,0.062085583679472,0.000012480311169,0.077370672204873,0.057592696711825,0.055649560886713,0.081807415640461,0.101487745843755,0.080918581104084,0.015805850303720
0,2,MCMC,Metropolis,,297331,1022668,1632801.269331575836986,1320000,0,237.286960443000027,237.188259479999999,0.307925419951704,0.601783379816342,0.853599126861103,0.102186158846550,0.000102137357297,0.088798495676457,0.062127586990800,0.081846831263180,0.069543407568125,0.088886999145315,0.082949019522523,0.073439077846381,0.425172220724914,0.031125859449899,0.792046971537157,0.062098086373229,0.000012479870490,0.077434279479908,0.057678884696291,0.055678743582353,0.081850932310102,0.101540831772146,0.080963426747178,0.015822553730906
0,2,MCMC,Metropolis,,301864,1038135,1629940.445192590355873,1340000,0,240.820550606000012,240.721524125000002,0.307911555020738,0.601792723282669,0.853588096615659,0.102175435608985,0.000102137671912,0.088797074778782,0.062135986836059,0.081827965425084,0.069540210900004,0.088889928260001,0.082974877345562,0.073455384472935,0.424968295107911,0.030898800965958,0.792039150788958,0.062114634083830,0.000012489608413,0.077471852021151,0.057754487838090,0.055708666411350,0.081894789449722,0.101587759814334,0.081007562702148,0.015830102098023
0,2,MCMC,Metropolis,,306548,1053451,1627280.514032620703802,1360000,0,244.381827106000003,244.281632887999990,0.307908332569977,0.601793130664447,0.853584147801345,0.102182865372227,0.000102142270310,0.088797538428882,0.062127299383314,0.081827659455604,0.069554710368941,0.088885449966066,0.082988146356942,0.073462821341278,0.424760121549569,0.030714640059079,0.792031835186567,0.062128019684281,0.000012494812161,0.077516179321200,0.057847612697615,0.055721097711966,0.081931860819672,0.101636144798584,0.081048583101807,0.015845827447867
0,2,MCMC,Metropolis,,311197,1068802,1624577.598272930830717,1380000,0,247.882608823000027,247.780786769999992,0.307909606328021,0.601794239212656,0.853588179426774,0.102171938307582,0.000102142817267,0.088798576319187,0.062119728629687,0.081830457896685,0.069553423337420,0.088887043931685,0.082977404275467,0.073471810136455,0.424565713279945,0.030501057984681,0.792047793282384,0.062134862390461,0.000012503410632,0.077553737940008,0.057915038515800,0.055762329583505,0.081953665628495,0.101687616865309,0.081091496485949,0.015878250821623
0,2,MCMC,Metropolis,,315884,1084115,1621694.569934194209054,1400000,0,251.330379660000006,251.227959026999997,0.307917719687193,0.601811024328765,0.853583949464771,0.102147079929869,0.000102144092157,0.088799660353355,0.062127890917914,0.081823320284252,0.069547356600267,0.088888912659438,0.082984243629576,0.073476100515735,0.424346477680600,0.030288986104664,0.792046346199816,0.062143915522862,0.000012507228329,0.077595061485033,0.058007799357339,0.055769549466714,0.081992471565911,0.101739262653198,0.081142664491821,0.015905012274738
0,2,MCMC,Metropolis,,320512,1099487,1619076.370376778300852,1420000,0,255.249891499000029,255.147011198999991,0.307911247018567,0.601819541330334,0.853604008262638,0.102143075376163,0.000102140985745,0.088801069845178,0.062118124432438,0.081821738965212,0.069558711295364,0.088873715533710,0.082965172136002,0.073500273487244,0.424154731645157,0.030092783213858,0.792041334268910,0.062146287662955,0.000012513898790,0.077640517056221,0.058100906201463,0.055800632440465,0.082007715130969,0.101774993448245,0.081183922596652,0.015922226167082
